Date,Open,High,Low,Close,Volume,OpenInt
2010-01-04,89.965,90.844,89.896,90.662,10444365,0
2010-01-05,90.619,90.671,90.076,90.517,7618938,0
2010-01-06,90.526,90.827,90.402,90.578,7906664,0
2010-01-07,90.418,90.973,90.059,90.904,7341865,0
2010-01-08,90.671,91.049,90.473,91.049,5712379,0
2010-01-11,91.297,91.52,90.801,91.417,7975436,0
2010-01-12,90.827,91.314,90.593,91.076,10321190,0
2010-01-13,91.236,91.808,90.991,91.6,10024398,0
2010-01-14,91.503,91.944,91.45,91.839,8187464,0
2010-01-15,91.765,91.8,90.56,90.965,16313898,0
2010-01-19,90.871,92.011,90.835,91.966,12653526,0
2010-01-20,91.385,91.417,90.215,90.973,13843573,0
2010-01-21,90.93,91.049,88.994,88.994,25878670,0
2010-01-22,88.707,89.122,87.135,87.204,28625359,0
2010-01-25,87.859,87.973,87.24,87.445,21209660,0
2010-01-26,87.231,88.435,87.076,87.419,21349057,0
2010-01-27,87.24,87.964,86.658,87.782,18847997,0
2010-01-28,88.032,88.058,86.252,86.839,15598945,0
2010-01-29,87.144,87.833,86.164,86.277,16942538,0
2010-02-01,86.848,87.825,86.724,87.383,11611937,0
2010-02-02,87.48,88.47,87.25,88.279,10358715,0
2010-02-03,88.058,88.435,87.816,88.067,7634139,0
2010-02-04,87.48,87.582,85.822,85.849,19093722,0
2010-02-05,85.94,86.101,84.4,85.95,33658651,0
2010-02-08,85.814,86.137,85.056,85.142,12709758,0
2010-02-09,85.95,87.085,85.673,86.364,22361638,0
2010-02-10,86.277,86.641,85.596,86.26,13038422,0
2010-02-11,86.174,87.306,85.7,87.161,11556054,0
2010-02-12,86.26,86.983,85.804,86.897,15866246,0
2010-02-16,87.531,88.359,87.169,88.219,10419854,0
2010-02-17,88.52,88.76,88.342,88.707,10219819,0
2010-02-18,88.527,89.499,88.52,89.388,10091149,0
2010-02-19,88.984,89.58,88.732,89.234,10843272,0
2010-02-22,89.57,89.57,88.994,89.106,6152901,0
2010-02-23,88.911,89.363,88.117,88.27,12573183,0
2010-02-24,88.536,89.203,88.375,88.984,11233936,0
2010-02-25,87.739,88.675,87.454,88.641,11691470,0
2010-02-26,88.683,88.911,88.193,88.641,8101754,0
2010-03-01,88.957,89.414,88.884,89.261,6767557,0
2010-03-02,89.614,89.794,89.203,89.252,6602400,0
2010-03-03,89.543,89.904,89.096,89.32,6854152,0
2010-03-04,89.449,89.735,89.211,89.676,7180784,0
2010-03-05,90.092,90.756,89.992,90.748,7857598,0
2010-03-08,90.716,90.922,90.526,90.601,6666564,0
2010-03-09,90.473,91.151,90.445,90.708,10084867,0
2010-03-10,90.801,91.076,90.418,90.756,8524917,0
2010-03-11,90.646,91.202,90.301,91.193,9011022,0
2010-03-12,91.503,91.537,91.066,91.314,11792469,0
2010-03-15,91.211,91.494,90.844,91.443,7862090,0
2010-03-16,91.626,91.918,91.305,91.874,7971467,0
2010-03-17,92.085,92.56,92.011,92.253,8130832,0
2010-03-18,92.263,92.698,92.211,92.625,8724669,0
2010-03-19,92.78,92.819,91.747,92.103,14033711,0
2010-03-22,91.774,92.728,91.747,92.493,10274620,0
2010-03-23,92.698,93.458,92.529,93.425,10589092,0
2010-03-24,93.113,93.367,92.857,93.011,8228703,0
2010-03-25,93.52,93.977,92.937,93.048,11083255,0
2010-03-26,93.208,93.587,92.78,93.04,10309018,0
2010-03-29,93.349,93.668,93.247,93.458,6845057,0
2010-03-30,93.539,93.85,93.247,93.641,6723496,0
2010-03-31,93.377,93.568,92.947,93.199,7070965,0
2010-04-01,93.74,94.024,93.235,93.763,13343444,0
2010-04-05,94.034,94.275,93.744,94.158,4937699,0
2010-04-06,93.911,94.275,93.763,94.148,5129915,0
2010-04-07,93.996,94.129,93.113,93.578,12670148,0
2010-04-08,93.285,94.014,93.094,93.841,10192801,0
2010-04-09,93.967,94.449,93.875,94.439,6998507,0
2010-04-12,94.498,94.699,94.367,94.535,5077710,0
2010-04-13,94.384,94.757,93.977,94.594,7100312,0
2010-04-14,94.894,95.51,94.747,95.48,9288434,0
2010-04-15,95.305,95.783,95.267,95.722,10079242,0
2010-04-16,95.461,95.673,94.129,94.535,25715479,0
2010-04-19,94.256,95.161,94.168,95.092,12189959,0
2010-04-20,95.434,95.606,95.045,95.315,10355171,0
2010-04-21,95.353,95.673,94.961,95.375,10602125,0
2010-04-22,94.904,95.683,94.508,95.538,11568372,0
2010-04-23,95.48,96.133,95.277,96.066,16135055,0
2010-04-26,96.19,96.587,96.113,96.171,9328680,0
2010-04-27,95.895,96.259,94.158,94.275,23117367,0
2010-04-28,94.699,95.092,94.12,94.847,17254180,0
2010-04-29,95.19,96.095,95.171,95.83,8689755,0
2010-04-30,95.934,96.095,94.422,94.468,17000302,0
2010-05-03,94.866,95.944,94.866,95.702,9687061,0
2010-05-04,94.821,94.837,93.276,93.831,23161979,0
2010-05-05,93.143,94.005,92.885,93.357,21979042,0
2010-05-06,92.986,93.659,85.091,90.325,40032750,0
2010-05-07,90.119,90.904,87.99,89.051,39407268,0
2010-05-10,92.299,93.077,91.815,92.672,23787179,0
2010-05-11,91.936,93.467,91.8,92.385,19118581,0
2010-05-12,92.738,93.831,92.625,93.753,15100650,0
2010-05-13,93.486,93.92,92.643,92.755,12984454,0
2010-05-14,92.202,92.385,90.627,91.393,20892142,0
2010-05-17,91.546,91.747,89.812,91.4,20414758,0
2010-05-18,92.066,92.249,90.223,90.428,22357708,0
2010-05-19,90.067,90.593,88.893,89.904,28043776,0
2010-05-20,88.359,88.597,86.667,86.76,33384331,0
2010-05-21,85.212,87.496,84.968,87.383,35873124,0
2010-05-24,86.983,87.505,86.26,86.39,19238384,0
2010-05-25,84.548,86.295,83.878,86.21,29272458,0
2010-05-26,86.561,87.348,85.397,85.538,21519341,0
2010-05-27,87.039,88.152,86.724,88.143,21320324,0
2010-05-28,88.032,88.067,86.698,87.066,22625124,0
2010-06-01,86.381,87.773,86.009,86.085,19785225,0
2010-06-02,86.543,88.084,86.164,88.05,17309184,0
2010-06-03,88.375,88.607,87.383,88.117,13790093,0
2010-06-04,86.641,86.82,84.95,85.331,23316251,0
2010-06-07,85.52,85.743,84.263,84.325,15925210,0
2010-06-08,84.4,85.528,83.837,85.331,29183388,0
2010-06-09,85.796,86.471,84.783,85.082,18703411,0
2010-06-10,86.32,87.505,86.32,87.419,16078776,0
2010-06-11,86.724,87.825,86.684,87.79,10550389,0
2010-06-14,88.375,88.803,87.557,87.646,10461729,0
2010-06-15,88.219,89.492,87.609,89.388,10936627,0
2010-06-16,88.975,89.658,88.831,89.492,11168193,0
2010-06-17,89.684,89.776,88.707,89.729,11333542,0
2010-06-18,89.684,89.965,89.44,89.666,8017847,0
2010-06-21,90.724,90.922,89.211,89.632,11932135,0
2010-06-22,89.676,90.05,88.244,88.324,13867798,0
2010-06-23,88.453,88.966,87.757,88.375,15081509,0
2010-06-24,87.964,88.075,86.921,87.144,15596174,0
2010-06-25,87.348,87.547,86.515,87.281,12671511,0
2010-06-28,87.258,87.564,86.698,87.039,7875032,0
2010-06-29,85.977,86.009,84.206,84.723,19393287,0
2010-06-30,84.534,85.063,83.737,83.859,15569938,0
2010-07-01,83.878,84.092,82.598,83.524,21589227,0
2010-07-02,83.688,83.868,82.521,83.119,13149270,0
2010-07-06,84.082,84.625,82.896,83.62,11922526,0
2010-07-07,83.696,86.129,83.663,86.057,14252579,0
2010-07-08,86.579,87.102,86.155,87.102,11002261,0
2010-07-09,87.057,87.636,86.907,87.618,8580889,0
2010-07-12,87.392,87.782,87.135,87.739,7690827,0
2010-07-13,88.573,89.397,88.527,89.01,10860340,0
2010-07-14,88.84,89.32,88.487,89.028,10184386,0
2010-07-15,89.002,89.14,87.946,88.984,13374757,0
2010-07-16,88.392,88.478,86.515,86.676,14210064,0
2010-07-19,87.013,87.436,86.456,87.195,8476859,0
2010-07-20,85.899,87.869,85.849,87.808,10703785,0
2010-07-21,88.1,88.125,86.42,86.864,12574253,0
2010-07-22,87.739,88.994,87.711,88.597,12081530,0
2010-07-23,88.478,89.676,88.315,89.475,15564317,0
2010-07-26,89.598,90.377,89.423,90.318,10516188,0
2010-07-27,90.74,90.82,90.101,90.473,11930948,0
2010-07-28,90.301,90.569,89.836,90.179,8327788,0
2010-07-29,90.662,90.895,89.176,89.82,13528220,0
2010-07-30,89.069,90.215,88.85,89.844,13612701,0
2010-08-02,91.024,91.808,90.852,91.582,7969237,0
2010-08-03,91.367,91.669,91.005,91.289,6326137,0
2010-08-04,91.51,91.944,91.281,91.782,8481340,0
2010-08-05,91.324,91.712,91.151,91.712,4227550,0
2010-08-06,90.887,91.582,90.36,91.546,8750733,0
2010-08-09,91.815,92.133,91.503,91.918,4330243,0
2010-08-10,91.263,91.976,90.671,91.52,9811649,0
2010-08-11,90.266,90.275,89.167,89.353,11042967,0
2010-08-12,88.253,89.132,88.193,88.769,16934860,0
2010-08-13,88.564,89.059,88.47,88.683,7539791,0
2010-08-16,88.219,88.893,87.85,88.625,6768603,0
2010-08-17,89.234,90.198,88.957,89.527,6353795,0
2010-08-18,89.467,90.198,88.966,89.735,7379965,0
2010-08-19,89.311,89.508,87.997,88.435,10331965,0
2010-08-20,87.893,87.937,87.066,87.646,9941124,0
2010-08-23,88.178,88.616,87.454,87.505,6296422,0
2010-08-24,86.623,86.983,85.915,86.337,11105252,0
2010-08-25,85.915,86.839,85.451,86.515,11324399,0
2010-08-26,86.82,86.907,85.709,85.931,9607677,0
2010-08-27,86.448,87.392,85.477,87.348,11399550,0
2010-08-30,87.047,87.315,86.129,86.137,5488732,0
2010-08-31,85.902,86.724,85.58,86.16,12240582,0
2010-09-01,87.161,88.487,87.135,88.401,9898604,0
2010-09-02,88.494,88.822,88.244,88.812,4400958,0
2010-09-03,89.623,89.974,89.158,89.931,6058421,0
2010-09-07,89.57,89.684,88.927,89.051,4893327,0
2010-09-08,89.184,89.776,89.158,89.414,6678524,0
2010-09-09,90.275,90.292,89.404,89.65,5112787,0
2010-09-10,89.794,90.137,89.561,90.101,3349350,0
2010-09-13,90.852,91.032,90.343,90.871,5717725,0
2010-09-14,90.708,91.211,90.437,90.671,5906814,0
2010-09-15,90.464,91.202,90.275,91.102,5096083,0
2010-09-16,90.871,91.359,90.636,91.314,6338090,0
2010-09-17,91.45,91.573,90.852,91.211,7524519,0
2010-09-20,91.494,92.625,91.324,92.464,6117690,0
2010-09-21,92.474,93.133,92.162,92.543,9747599,0
2010-09-22,92.493,92.901,92.085,92.345,6504534,0
2010-09-23,91.703,92.543,91.503,91.73,8776878,0
2010-09-24,92.672,93.439,92.588,93.357,5846532,0
2010-09-27,93.357,93.496,92.937,93.031,4640276,0
2010-09-28,93.182,93.615,92.263,93.349,9155494,0
2010-09-29,93.172,93.477,92.867,93.133,7305959,0
2010-09-30,93.649,94.178,92.414,92.79,13572291,0
2010-10-01,93.34,93.496,92.728,93.143,6858235,0
2010-10-04,93.002,93.34,92.075,92.502,6468714,0
2010-10-05,93.218,94.319,93.094,94.074,7553501,0
2010-10-06,94.101,94.449,93.947,94.393,8396931,0
2010-10-07,94.672,94.691,93.74,94.236,6144828,0
2010-10-08,94.299,94.942,94.054,94.719,5226757,0
2010-10-11,94.827,94.932,94.478,94.811,4102405,0
2010-10-12,94.525,95.12,93.904,94.811,6250372,0
2010-10-13,95.287,96.006,95.151,95.49,8049596,0
2010-10-14,95.48,95.646,94.847,95.5,10436165,0
2010-10-15,95.82,95.848,94.691,95.171,10483694,0
2010-10-18,95.171,95.954,95.054,95.453,5157369,0
2010-10-19,94.827,95.171,93.867,94.449,10766198,0
2010-10-20,94.672,95.944,94.439,95.518,8594919,0
2010-10-21,95.944,96.502,95.19,95.914,8119225,0
2010-10-22,95.954,96.035,95.567,95.762,4009355,0
2010-10-25,96.219,96.784,96.015,96.066,7124350,0
2010-10-26,95.616,96.229,95.384,96.095,6246302,0
2010-10-27,95.548,95.838,94.811,95.712,8851051,0
2010-10-28,96.105,96.18,95.074,95.528,6578945,0
2010-10-29,95.461,95.783,95.277,95.712,5905453,0
2010-11-01,96.035,96.745,95.161,95.722,10964226,0
2010-11-02,96.318,96.558,96.18,96.2,4737056,0
2010-11-03,96.376,96.616,95.49,96.568,11760394,0
2010-11-04,97.452,98.492,97.393,98.413,10880811,0
2010-11-05,98.423,98.591,98.065,98.512,7024746,0
2010-11-08,98.153,98.336,97.859,98.213,4742194,0
2010-11-09,98.366,98.393,97.384,97.783,6799399,0
2010-11-10,97.736,97.927,96.969,97.812,11574136,0
2010-11-11,97.095,97.412,96.765,97.256,6410436,0
2010-11-12,96.695,97.176,96.006,96.453,9332519,0
2010-11-15,96.568,97.206,96.472,96.539,7683999,0
2010-11-16,95.954,96.085,94.653,95.007,11106670,0
2010-11-17,95.13,95.257,94.811,94.961,6472991,0
2010-11-18,95.762,96.616,95.752,96.443,8327723,0
2010-11-19,96.015,96.366,95.596,96.318,4684003,0
2010-11-22,95.924,96.18,95.045,96.151,7925728,0
2010-11-23,95.248,95.277,94.498,94.923,7694485,0
2010-11-24,95.444,96.278,95.444,96.18,4995482,0
2010-11-26,95.394,95.752,95.13,95.13,2501030,0
2010-11-29,94.811,95.315,94.074,95.142,7024330,0
2010-11-30,94.309,95.24,94.219,94.728,9376742,0
2010-12-01,96.035,97.095,95.954,96.893,8504310,0
2010-12-02,96.979,97.917,96.959,97.822,7152025,0
2010-12-03,97.481,98.045,97.452,97.977,4610608,0
2010-12-06,97.859,98.065,97.746,97.822,7173798,0
2010-12-07,98.581,98.661,97.773,97.812,8862221,0
2010-12-08,97.792,98.094,97.579,97.927,7579216,0
2010-12-09,98.336,98.375,97.636,97.957,6092498,0
2010-12-10,98.114,98.326,97.849,98.283,6771740,0
2010-12-13,98.621,98.945,98.413,98.463,5538324,0
2010-12-14,98.591,99.227,98.552,98.935,6063122,0
2010-12-15,99.075,99.287,98.631,98.812,6810792,0
2010-12-16,98.915,99.237,98.403,99.115,9430666,0
2010-12-17,98.852,98.915,98.453,98.852,4681159,0
2010-12-20,99.036,99.036,98.366,98.681,7840404,0
2010-12-21,99.006,99.307,98.915,99.174,5563979,0
2010-12-22,99.204,99.443,99.125,99.387,4055420,0
2010-12-23,99.337,99.55,99.247,99.5,4161746,0
2010-12-27,99.204,99.433,99.036,99.367,4812705,0
2010-12-28,99.53,99.62,99.194,99.55,5510191,0
2010-12-29,99.493,99.71,99.417,99.433,7701640,0
2010-12-30,99.357,99.493,99.134,99.287,7673992,0
2010-12-31,99.134,99.5,98.955,99.423,3227514,0
2011-01-03,100.1,100.47,100.05,100.1,10593853,0
2011-01-04,100.36,100.37,99.83,100.29,11374609,0
2011-01-05,100.15,100.74,100,100.62,8800458,0
2011-01-06,100.69,100.74,100.17,100.39,8329026,0
2011-01-07,100.51,100.66,99.58,100.23,8712037,0
2011-01-10,99.89,100.03,99.377,99.9,7165362,0
2011-01-11,100.28,100.47,99.89,100.21,5956968,0
2011-01-12,100.71,101.15,100.61,100.94,6115316,0
2011-01-13,100.91,100.92,100.43,100.75,7043494,0
2011-01-14,100.49,101.26,100.41,101.19,5113356,0
2011-01-18,101.26,101.84,101.24,101.66,5426016,0
2011-01-19,101.76,101.89,101.34,101.61,10542500,0
2011-01-20,101.32,101.75,100.88,101.58,12703501,0
2011-01-21,102.09,102.16,101.67,101.87,6967329,0
2011-01-24,101.77,102.85,101.75,102.83,14311675,0
2011-01-25,102.61,102.86,102.09,102.77,12188526,0
2011-01-26,102.82,103.16,102.65,102.88,10652603,0
2011-01-27,102.89,103.15,102.74,102.9,8598102,0
2011-01-28,102.92,103.09,101.26,101.49,14014944,0
2011-01-31,101.68,102.03,101.35,101.99,10425938,0
2011-02-01,102.48,103.39,102.42,103.28,8871243,0
2011-02-02,103.12,103.46,103.12,103.29,4923561,0
2011-02-03,103.24,103.68,102.83,103.5,7370609,0
2011-02-04,103.5,103.78,103.23,103.78,4232037,0
2011-02-07,103.95,104.62,103.92,104.34,8512879,0
2011-02-08,104.43,105.1,104.32,105.02,7017396,0
2011-02-09,104.99,105.25,104.69,105.15,8925770,0
2011-02-10,104.71,105.12,104.41,105.05,8350040,0
2011-02-11,104.75,105.56,104.65,105.47,6336033,0
2011-02-14,105.33,105.52,105.16,105.44,4763444,0
2011-02-15,105.2,105.22,104.8,105.08,5648005,0
2011-02-16,105.35,105.82,105.22,105.67,6606497,0
2011-02-18,105.73,106.31,105.61,106.27,6140659,0
2011-02-22,105.66,106,104.47,104.81,11437913,0
2011-02-23,104.62,104.71,103.49,103.92,16820639,0
2011-02-24,103.85,104.08,102.83,103.55,14248253,0
2011-02-25,103.91,104.32,103.83,104.16,6570497,0
2011-02-28,104.48,105.06,104.42,105.03,6702301,0
2011-03-01,105.25,105.32,103.5,103.5,11246172,0
2011-03-02,103.4,104.03,103.22,103.57,9650050,0
2011-03-03,104.42,105.47,104.41,105.22,8487853,0
2011-03-04,105.28,105.36,103.71,104.45,12081153,0
2011-03-07,104.69,105.13,103.38,103.8,9725644,0
2011-03-08,103.94,105.24,103.69,104.88,9330789,0
2011-03-09,104.78,105.3,104.43,104.9,9101787,0
2011-03-10,104.01,104.08,102.89,102.98,18261520,0
2011-03-11,102.58,103.91,102.54,103.55,12206573,0
2011-03-14,103.02,103.29,102.27,103.08,9349347,0
2011-03-15,100.67,102.45,100.52,101.84,17219976,0
2011-03-16,101.46,101.64,99.337,99.88,19192090,0
2011-03-17,100.99,101.45,100.51,101.19,9200514,0
2011-03-18,102.41,102.56,101.66,101.9,12225517,0
2011-03-21,103.11,103.84,103.03,103.44,8843693,0
2011-03-22,103.5,103.6,103.22,103.33,7393261,0
2011-03-23,103.14,104.17,102.94,103.94,7776973,0
2011-03-24,104.46,104.81,104.02,104.65,5611491,0
2011-03-25,104.85,105.4,104.76,105.08,7669569,0
2011-03-28,105.21,105.51,104.85,104.89,3095154,0
2011-03-29,104.88,105.63,104.67,105.56,6997608,0
2011-03-30,105.97,106.47,105.92,106.14,4759977,0
2011-03-31,106.13,106.45,105.93,105.98,5055050,0
2011-04-01,106.47,106.8,106.09,106.37,6047474,0
2011-04-04,106.53,106.7,106.35,106.63,7289524,0
2011-04-05,106.42,106.95,106.18,106.53,9895919,0
2011-04-06,107.03,107.15,106.67,106.98,4930200,0
2011-04-07,106.87,107.05,106.06,106.77,7599318,0
2011-04-08,107.09,107.15,106.01,106.53,7047793,0
2011-04-11,106.66,107.08,106.27,106.52,6349685,0
2011-04-12,105.9,106.05,105.26,105.52,5992474,0
2011-04-13,106.11,106.14,105.18,105.59,4967277,0
2011-04-14,105.09,105.88,104.65,105.74,5036844,0
2011-04-15,105.94,106.43,105.6,106.22,6152338,0
2011-04-18,105.02,105.11,104.04,104.97,11641571,0
2011-04-19,105.18,105.63,104.97,105.55,5800594,0
2011-04-20,106.87,107.41,106.73,107.23,7789912,0
2011-04-21,107.46,107.67,107.1,107.65,4670713,0
2011-04-25,107.53,107.58,107.12,107.43,5150158,0
2011-04-26,107.65,108.59,107.52,108.43,7231815,0
2011-04-27,108.59,109.39,108.4,109.24,6618421,0
2011-04-28,109.12,109.99,109.1,109.89,13671622,0
2011-04-29,110.03,110.48,109.99,110.41,13247342,0
2011-05-02,110.91,110.92,110.05,110.25,12202766,0
2011-05-03,110.18,110.54,109.74,110.24,8941763,0
2011-05-04,110.1,110.18,109.08,109.47,9584469,0
2011-05-05,109.09,109.36,107.82,108.38,13179172,0
2011-05-06,109.28,109.9,108.54,108.89,11452256,0
2011-05-09,108.88,109.56,108.73,109.26,6337425,0
2011-05-10,109.46,110.1,109.35,109.9,4853542,0
2011-05-11,109.69,109.72,108.46,108.91,9065680,0
2011-05-12,108.66,109.64,108.14,109.48,7753643,0
2011-05-13,109.49,109.6,108.18,108.67,7752052,0
2011-05-16,108.32,108.99,108.07,108.23,5103424,0
2011-05-17,107.79,108.04,106.81,107.67,29468906,0
2011-05-18,107.73,108.56,107.44,108.44,5263367,0
2011-05-19,108.77,109.05,108.22,108.83,5469687,0
2011-05-20,108.66,108.75,107.81,108.04,7965662,0
2011-05-23,106.61,107.18,106.44,106.87,6827842,0
2011-05-24,107.13,107.26,106.61,106.68,4906944,0
2011-05-25,106.27,107.42,106.23,106.98,4748080,0
2011-05-26,106.78,107.45,106.34,107.12,7159739,0
2011-05-27,107.46,107.86,107.27,107.51,5088472,0
2011-05-31,108.47,108.66,107.82,108.62,6116619,0
2011-06-01,108.29,108.34,106.08,106.15,9500519,0
2011-06-02,106.19,106.3,105.31,105.82,10208657,0
2011-06-03,104.61,105.56,104.56,104.96,7193248,0
2011-06-06,104.77,104.97,104.26,104.45,5412923,0
2011-06-07,104.92,105.21,104.23,104.24,4421195,0
2011-06-08,104.17,104.55,103.89,104.08,7927302,0
2011-06-09,104.35,105.28,104.19,104.79,4651686,0
2011-06-10,104.38,104.46,103.17,103.29,8536644,0
2011-06-13,103.6,103.86,103.07,103.37,6198423,0
2011-06-14,104.03,104.81,104.02,104.43,5608844,0
2011-06-15,103.55,103.88,102.59,102.88,24225937,0
2011-06-16,102.84,103.7,102.72,103.42,8636218,0
2011-06-17,104.2,104.41,103.51,103.78,8933252,0
2011-06-20,103.44,104.65,103.43,104.47,6555815,0
2011-06-21,104.85,105.67,104.65,105.39,5478506,0
2011-06-22,104.99,105.57,104.69,104.71,5443193,0
2011-06-23,103.67,104.28,102.72,104.27,10422751,0
2011-06-24,104.2,104.27,103.16,103.33,7665418,0
2011-06-27,103.38,104.64,103.23,104.17,5180483,0
2011-06-28,104.56,105.44,104.43,105.41,4714071,0
2011-06-29,105.75,106.25,105.3,106.11,6591694,0
2011-06-30,106.51,107.52,106.39,107.34,5490193,0
2011-07-01,107.58,108.94,107.31,108.86,10028141,0
2011-07-05,108.83,109.02,108.51,108.79,6142812,0
2011-07-06,108.71,109.41,108.57,109.28,11300889,0
2011-07-07,109.93,110.39,109.72,110.17,5087909,0
2011-07-08,109.23,109.55,108.79,109.52,6907595,0
2011-07-11,108.52,108.77,107.96,108.33,7998638,0
2011-07-12,108.25,108.83,107.78,107.8,14425124,0
2011-07-13,108.34,109.14,107.92,108.2,8461874,0
2011-07-14,108.27,108.9,107.47,107.68,7519219,0
2011-07-15,108.22,108.27,107.4,108.08,9052667,0
2011-07-18,107.51,107.62,106.45,107.25,7089242,0
2011-07-19,107.96,109.13,107.87,108.96,6740991,0
2011-07-20,109.08,109.14,108.71,108.85,3791581,0
2011-07-21,109.32,110.43,109.05,110.21,8048936,0
2011-07-22,110.07,110.2,109.47,109.82,6738615,0
2011-07-25,108.76,109.58,108.58,109.07,6035774,0
2011-07-26,108.77,108.89,108.18,108.33,8302112,0
2011-07-27,107.93,107.93,106.43,106.56,8712716,0
2011-07-28,106.55,107.28,105.89,106.07,8594911,0
2011-07-29,105.03,106.03,104.65,105.08,18464407,0
2011-08-01,106.47,106.67,103.9,105.06,13401954,0
2011-08-02,104.37,104.96,102.75,102.79,11107679,0
2011-08-03,102.92,103.17,101.34,103.08,19118989,0
2011-08-04,101.77,101.99,98.532,98.661,22311497,0
2011-08-05,99.86,100.24,96.539,99.134,35100221,0
2011-08-08,96.539,98.045,93.711,93.753,35030759,0
2011-08-09,95.12,97.509,91.906,97.499,36970421,0
2011-08-10,95.626,96.006,92.708,92.967,31902653,0
2011-08-11,93.859,97.889,93.539,96.521,20054575,0
2011-08-12,97.617,98.472,96.804,97.869,16250236,0
2011-08-15,98.732,99.63,98.423,99.59,7486337,0
2011-08-16,98.876,99.66,98.006,98.986,12505314,0
2011-08-17,99.493,100.15,98.366,99.144,10777897,0
2011-08-18,96.823,96.902,94.564,95.47,20898149,0
2011-08-19,94.299,96.346,93.841,93.957,17542923,0
2011-08-22,95.954,96.056,94.054,94.309,12985863,0
2011-08-23,94.782,97.087,94.422,97.001,14210375,0
2011-08-24,96.883,98.482,96.568,98.366,10623973,0
2011-08-25,98.762,99.105,96.512,96.893,11934511,0
2011-08-26,96.424,98.482,94.989,98.144,15089023,0
2011-08-29,99.267,100.31,99.214,100.26,8172828,0
2011-08-30,99.99,101.14,99.387,100.43,12038881,0
2011-08-31,101.14,101.86,100.23,100.96,9635772,0
2011-09-01,101.08,101.91,99.89,100.02,8831439,0
2011-09-02,98.183,98.661,97.519,97.792,5227343,0
2011-09-06,95.24,97.077,95.064,96.853,12495663,0
2011-09-07,98.173,99.307,97.889,99.237,8359503,0
2011-09-08,98.752,99.85,98.163,98.293,8925489,0
2011-09-09,97.226,97.284,95.1,95.636,13639274,0
2011-09-12,94.374,96.269,94.178,96.229,11555375,0
2011-09-13,96.394,97.001,95.636,96.578,12445685,0
2011-09-14,97.105,99.144,95.673,97.889,16805021,0
2011-09-15,98.802,99.54,98.253,99.493,11077039,0
2011-09-16,99.97,100.42,99.307,100.19,14134748,0
2011-09-19,98.681,99.62,97.967,99.227,5554233,0
2011-09-20,99.66,100.54,99.026,99.367,9250546,0
2011-09-21,99.397,99.63,96.735,96.794,17116738,0
2011-09-22,94.158,94.564,92.23,93.415,22633762,0
2011-09-23,92.857,94.101,92.588,93.744,13819456,0
2011-09-26,94.574,96.259,93.763,96.171,13155609,0
2011-09-27,98.065,98.996,96.92,97.481,15547253,0
2011-09-28,97.822,98.571,95.742,95.82,12906640,0
2011-09-29,97.626,98.144,95.461,97.186,15143830,0
2011-09-30,95.802,96.991,94.969,95.025,11857231,0
2011-10-03,94.403,95.626,92.738,92.79,15496967,0
2011-10-04,91.677,94.299,90.592,93.967,20725100,0
2011-10-05,94.054,95.444,93.578,95.324,11426415,0
2011-10-06,95.343,97.04,94.634,96.92,9785674,0
2011-10-07,97.626,97.899,96.298,96.863,11486302,0
2011-10-10,98.273,99.64,98.223,99.62,8227084,0
2011-10-11,99.125,99.74,99.065,99.453,8982593,0
2011-10-12,100.13,101.3,99.8,100.32,9004338,0
2011-10-13,99.9,100.33,99.154,100.02,6298495,0
2011-10-14,101.04,101.51,100.45,101.5,6025541,0
2011-10-17,101.05,101.09,99.154,99.377,9628804,0
2011-10-18,99.075,101.58,98.453,100.75,13391619,0
2011-10-19,100.73,101.42,99.95,100.28,17521105,0
2011-10-20,100.37,100.99,99.327,100.61,9107141,0
2011-10-21,101.77,103.03,101.73,103,14892762,0
2011-10-24,103.27,104.11,103.15,103.88,9622709,0
2011-10-25,103.31,103.42,101.87,102.06,10762985,0
2011-10-26,103.47,103.69,101.96,103.46,11376966,0
2011-10-27,105.82,107.12,105.25,106.55,14709318,0
2011-10-28,106.22,106.83,106.03,106.65,7626093,0
2011-10-31,105.45,105.65,104.24,104.27,5317416,0
2011-11-01,102.16,102.85,101.38,101.7,7529820,0
2011-11-02,102.96,103.57,102.41,103.25,3744667,0
2011-11-03,104.21,105.21,103.26,105.02,4427944,0
2011-11-04,104.35,104.58,103.33,104.51,3232014,0
2011-11-07,104.43,105.3,103.6,105.25,9951119,0
2011-11-08,105.74,106.38,104.76,106.23,8448990,0
2011-11-09,104.24,104.58,102.46,102.87,13849386,0
2011-11-10,103.95,104.46,103.03,103.89,11398751,0
2011-11-11,105.07,106.35,105.05,106.18,8309194,0
2011-11-14,106.02,106.21,105.01,105.48,8444504,0
2011-11-15,105.22,106.22,104.79,105.62,7403779,0
2011-11-16,104.75,105.86,103.91,104.07,8173851,0
2011-11-17,104.03,104.42,102.06,102.99,12573509,0
2011-11-18,103.34,103.62,102.76,103.15,9483690,0
2011-11-21,101.71,101.89,100.1,100.86,21495087,0
2011-11-22,100.69,101.19,99.96,100.49,9586307,0
2011-11-23,99.62,99.74,98.403,98.403,9122461,0
2011-11-25,98.356,99.377,98.223,98.223,4032205,0
2011-11-28,100.52,101.14,100.13,100.8,7610449,0
2011-11-29,101.01,101.76,100.81,101.21,6079395,0
2011-11-30,103.72,105.45,103.72,105.28,13223785,0
2011-12-01,105.12,105.59,104.81,105.23,6209595,0
2011-12-02,106.17,106.33,105.11,105.16,6377942,0
2011-12-05,106.67,106.74,105.3,105.93,7176466,0
2011-12-06,105.98,106.94,105.72,106.32,8063949,0
2011-12-07,106.03,107.38,105.62,106.92,10304698,0
2011-12-08,106.43,106.7,104.79,105.06,10954196,0
2011-12-09,105.5,106.95,105.47,106.67,10276147,0
2011-12-12,105.91,105.94,104.58,105.32,7182509,0
2011-12-13,105.91,106.42,104.27,104.68,8860828,0
2011-12-14,104.3,104.66,103.29,103.64,11488346,0
2011-12-15,104.75,104.88,103.87,104.07,6007587,0
2011-12-16,104.65,104.88,103.58,103.86,8830627,0
2011-12-19,104.24,104.53,102.86,103.13,9080441,0
2011-12-20,104.66,106.18,104.62,106.02,8954457,0
2011-12-21,106.1,106.17,105.16,106.12,7602753,0
2011-12-22,106.43,106.8,106.21,106.78,4789974,0
2011-12-23,106.92,107.81,106.75,107.77,2598859,0
2011-12-27,107.64,108.09,107.57,107.81,4420518,0
2011-12-28,107.8,107.84,106.42,106.52,4406254,0
2011-12-29,106.77,107.81,106.71,107.68,5845564,0
2011-12-30,107.49,107.76,107.03,107.04,5389715,0
2012-01-03,108.89,109.39,108.64,108.66,8166438,0
2012-01-04,108.44,108.96,108.19,108.9,8681170,0
2012-01-05,108.49,109.01,107.74,108.89,9878022,0
2012-01-06,108.98,108.99,108.22,108.56,8523286,0
2012-01-09,108.73,108.88,108.22,108.68,6695766,0
2012-01-10,109.7,109.82,109.16,109.27,6006738,0
2012-01-11,108.97,109.33,108.79,109.19,5568529,0
2012-01-12,109.37,109.51,108.69,109.4,6364347,0
2012-01-13,108.71,109.06,108.02,109.06,7275660,0
2012-01-17,109.85,110.32,109.34,109.46,6087827,0
2012-01-18,109.4,110.46,109.3,110.35,7367372,0
2012-01-19,110.7,110.85,110.28,110.84,9215527,0
2012-01-20,110.88,111.71,110.8,111.71,7952391,0
2012-01-23,111.66,112.07,111.19,111.59,5874695,0
2012-01-24,110.91,111.34,110.74,111.24,5453905,0
2012-01-25,110.89,112.22,110.37,111.98,10960408,0
2012-01-26,112.52,112.77,111.45,111.81,6716093,0
2012-01-27,111.27,111.54,110.85,111.26,6975325,0
2012-01-30,110.27,111.12,109.97,111.06,6703120,0
2012-01-31,111.66,111.68,110.3,110.91,6766303,0
2012-02-01,111.82,112.29,111.55,111.67,11243369,0
2012-02-02,111.77,111.89,111.27,111.62,5150766,0
2012-02-03,112.73,113.03,112.5,112.93,9836679,0
2012-02-06,112.5,112.82,112.37,112.76,4378832,0
2012-02-07,112.61,113.25,112.25,113.04,6525889,0
2012-02-08,113.13,113.28,112.69,113.22,5551983,0
2012-02-09,113.44,113.58,112.9,113.25,6153548,0
2012-02-10,112.45,112.58,112.02,112.52,7253740,0
2012-02-13,113.19,113.25,112.74,113.11,5291698,0
2012-02-14,112.96,113.2,112.45,113.17,6375306,0
2012-02-15,113.47,113.5,112.27,112.53,10896003,0
2012-02-16,112.64,113.63,112.61,113.53,9887874,0
2012-02-17,114.04,114.1,113.65,113.96,6539504,0
2012-02-21,114.32,114.44,113.72,114.07,7471031,0
2012-02-22,113.96,114.21,113.64,113.88,6908218,0
2012-02-23,113.75,114.39,113.36,114.28,14615209,0
2012-02-24,114.45,114.56,113.98,114.32,4273186,0
2012-02-27,113.71,114.67,113.38,114.36,6537014,0
2012-02-28,114.34,114.67,114.06,114.52,5608091,0
2012-02-29,114.66,114.97,113.84,114.02,8764022,0
2012-03-01,114.3,114.79,113.96,114.27,7579729,0
2012-03-02,114.28,114.46,113.83,114.25,4330730,0
2012-03-05,114.13,114.29,113.45,114.13,5995091,0
2012-03-06,112.84,114.17,112.22,112.45,16337409,0
2012-03-07,112.62,113.25,112.46,113.08,2437970,0
2012-03-08,113.63,114,113.36,113.7,5010429,0
2012-03-09,113.95,114.29,113.71,113.88,7084749,0
2012-03-12,113.91,114.37,113.85,114.17,5895158,0
2012-03-13,114.68,116.24,114.51,116.15,9872883,0
2012-03-14,116.25,116.59,116.1,116.33,5810495,0
2012-03-15,116.45,116.86,116.14,116.78,6484704,0
2012-03-16,117.12,117.18,116.67,116.68,5713212,0
2012-03-19,116.58,117.02,116.47,116.7,5006694,0
2012-03-20,116.08,116.39,115.69,116.11,6116468,0
2012-03-21,116.24,116.31,115.6,115.75,5695784,0
2012-03-22,115.06,115.36,114.74,115.02,7907725,0
2012-03-23,115.05,115.51,114.6,115.41,4950305,0
2012-03-26,116.12,116.77,116.08,116.72,5650857,0
2012-03-27,116.85,116.97,116.35,116.37,6542442,0
2012-03-28,116.42,116.53,115.23,115.75,5991229,0
2012-03-29,115.09,115.98,114.9,115.87,5078877,0
2012-03-30,116.41,116.65,115.92,116.49,4773695,0
2012-04-02,116.28,117.24,115.97,116.92,9826340,0
2012-04-03,116.78,117.02,115.81,116.37,6901013,0
2012-04-04,115.47,115.56,114.83,115.32,11748472,0
2012-04-05,114.95,115.51,114.81,115.18,3036085,0
2012-04-09,113.94,114.51,113.84,114.09,5028342,0
2012-04-10,113.86,114.04,112.2,112.28,14612109,0
2012-04-11,113.24,113.35,112.9,112.98,6340811,0
2012-04-12,113.21,114.67,113.14,114.61,8108727,0
2012-04-13,114.27,114.31,113.33,113.45,9988082,0
2012-04-16,114.19,114.59,113.71,114.04,8490809,0
2012-04-17,114.71,115.87,114.69,115.71,7119721,0
2012-04-18,115.1,115.59,114.94,115,5723185,0
2012-04-19,115.09,115.47,113.83,114.46,10136346,0
2012-04-20,114.96,115.48,114.91,114.98,6431611,0
2012-04-23,113.88,114.19,113.37,114.13,5855614,0
2012-04-24,114.37,115.2,114.36,114.75,4995171,0
2012-04-25,115.46,115.75,115.09,115.58,8298565,0
2012-04-26,115.51,116.81,115.45,116.66,5168580,0
2012-04-27,116.87,117.15,116.5,116.78,3983213,0
2012-04-30,116.64,116.8,116.35,116.63,4148627,0
2012-05-01,116.66,117.8,116.27,117.24,6170680,0
2012-05-02,116.82,117.22,116.49,117.14,4233966,0
2012-05-03,117.16,117.29,116.35,116.63,5700054,0
2012-05-04,116.02,116.19,114.97,115.08,6712779,0
2012-05-07,114.56,115.22,114.51,114.85,4566876,0
2012-05-08,114.27,114.42,113.16,114.19,8636188,0
2012-05-09,113.23,114.23,112.75,113.53,13477876,0
2012-05-10,113.94,114.38,113.41,113.62,6019713,0
2012-05-11,113.05,114.26,113,113.38,4152319,0
2012-05-14,112.57,112.97,112.03,112.36,6855310,0
2012-05-15,112.24,112.9,111.56,111.77,7587900,0
2012-05-16,112.2,112.75,111.62,111.67,6832229,0
2012-05-17,111.69,111.72,110.2,110.22,7824222,0
2012-05-18,110.55,110.66,109.26,109.44,12239758,0
2012-05-21,109.8,110.8,109.56,110.8,6065860,0
2012-05-22,110.87,111.41,110.25,110.81,11100758,0
2012-05-23,110.04,110.79,109.01,110.72,9679383,0
2012-05-24,110.89,111.11,110.04,111.08,5613680,0
2012-05-25,110.9,111.07,110.05,110.31,7575212,0
2012-05-29,111.18,111.81,110.87,111.53,7691975,0
2012-05-30,110.55,110.63,109.85,110.07,7743178,0
2012-05-31,110.09,110.74,109.2,109.82,8690409,0
2012-06-01,108.44,108.71,107.35,107.45,13311554,0
2012-06-04,107.52,107.7,106.7,107.23,7175568,0
2012-06-05,107.1,107.74,106.99,107.52,7441493,0
2012-06-06,108.29,110.07,108.29,110.02,4755592,0
2012-06-07,111.12,111.36,110.31,110.54,9919482,0
2012-06-08,110.19,111.36,109.95,111.36,4994376,0
2012-06-11,112.24,112.34,109.95,110.06,8147163,0
2012-06-12,110.43,111.58,110.11,111.51,5545987,0
2012-06-13,111.27,111.83,110.5,110.86,5279244,0
2012-06-14,111.08,112.75,110.92,112.23,9194825,0
2012-06-15,112.78,113.35,112.68,113.23,7048445,0
2012-06-18,112.81,113.4,112.69,113.04,5138503,0
2012-06-19,113.58,114.45,113.37,113.86,4352750,0
2012-06-20,113.91,114.26,113.03,113.78,10359389,0
2012-06-21,113.94,114.11,111.49,111.58,8661478,0
2012-06-22,112.21,112.52,111.88,112.3,5957352,0
2012-06-25,111.23,111.26,110.55,110.95,5094335,0
2012-06-26,111.2,111.65,110.49,111.25,8491378,0
2012-06-27,111.54,112.3,111.47,112.09,4179601,0
2012-06-28,111.19,111.97,110.49,111.9,7265811,0
2012-06-29,113.58,114.33,113.29,114.22,6572210,0
2012-07-02,114.38,114.51,113.54,114.13,4315812,0
2012-07-03,114.13,114.91,114.03,114.83,3055965,0
2012-07-05,114.38,115.06,114.08,114.51,7463632,0
2012-07-06,113.63,113.65,112.84,113.43,4881877,0
2012-07-09,113.29,113.37,112.74,113.14,5064933,0
2012-07-10,113.78,113.93,112,112.41,7567124,0
2012-07-11,112.48,112.53,111.34,112,7691159,0
2012-07-12,111.36,112.24,110.96,111.7,4961746,0
2012-07-13,112.02,113.55,111.96,113.48,4434341,0
2012-07-16,113.15,113.37,112.76,113.04,2240353,0
2012-07-17,113.4,113.94,112.35,113.67,3740835,0
2012-07-18,113.36,114.83,113.3,114.65,3486187,0
2012-07-19,114.95,115.34,114.54,114.99,4324245,0
2012-07-20,114.32,114.58,113.83,114.04,8348239,0
2012-07-23,112.3,113.26,111.85,113.04,5221419,0
2012-07-24,113.05,113.13,111.29,112.15,7945639,0
2012-07-25,112.82,113.15,112.28,112.75,4347098,0
2012-07-26,114.15,114.92,113.93,114.52,9064070,0
2012-07-27,114.91,116.6,114.87,116.3,8379501,0
2012-07-30,116.08,116.68,115.9,116.16,4756148,0
2012-07-31,116.03,116.29,115.52,115.52,5370233,0
2012-08-01,116.23,116.26,115.05,115.29,6477526,0
2012-08-02,114.58,115.14,113.56,114.49,12253654,0
2012-08-03,115.85,116.74,115.69,116.46,8721518,0
2012-08-06,116.65,117.22,116.59,116.61,5133598,0
2012-08-07,116.98,117.47,116.95,117.04,4026472,0
2012-08-08,116.65,117.43,116.6,117.17,3372207,0
2012-08-09,117.14,117.45,116.78,117.18,3768280,0
2012-08-10,116.82,117.52,116.51,117.51,4951350,0
2012-08-13,117.34,117.49,116.7,117.23,4476077,0
2012-08-14,117.62,117.73,116.99,117.26,3841020,0
2012-08-15,117.15,117.56,117.09,117.32,3182439,0
2012-08-16,117.37,118.25,117.14,118.08,5995563,0
2012-08-17,118.33,118.35,118.02,118.26,4203348,0
2012-08-20,118.06,118.31,117.87,118.23,2537993,0
2012-08-21,118.4,118.8,117.5,117.69,4583259,0
2012-08-22,117.5,117.72,116.95,117.42,5036184,0
2012-08-23,117.21,117.24,116.3,116.45,4657380,0
2012-08-24,116.3,117.49,116.16,117.33,4705606,0
2012-08-27,117.37,117.5,116.96,117.07,2022572,0
2012-08-28,116.77,117.25,116.66,116.88,3390351,0
2012-08-29,116.89,117.23,116.67,116.93,2687545,0
2012-08-30,116.45,116.46,115.79,116.04,4613936,0
2012-08-31,116.68,117.35,116.15,116.89,6099544,0
2012-09-04,116.76,116.82,115.77,116.32,4598260,0
2012-09-05,116.44,116.85,116.14,116.44,3167249,0
2012-09-06,117.15,118.64,117.15,118.64,6224590,0
2012-09-07,118.68,118.87,118.4,118.72,5405968,0
2012-09-10,118.58,118.92,118.26,118.32,2572549,0
2012-09-11,118.43,119.19,118.42,118.87,3162303,0
2012-09-12,119.2,119.37,118.86,119.11,2187614,0
2012-09-13,119.03,121.21,118.97,120.94,7810735,0
2012-09-14,121.15,121.92,120.95,121.35,5814787,0
2012-09-17,121.1,121.36,120.8,121.06,2918521,0
2012-09-18,120.71,121.29,120.71,121.14,3779967,0
2012-09-19,121.34,121.7,121.08,121.23,3449388,0
2012-09-20,120.76,121.46,120.58,121.43,7781408,0
2012-09-21,121.93,121.96,121.19,121.25,5942326,0
2012-09-24,120.76,121.49,120.72,121.13,3024977,0
2012-09-25,121.3,121.64,120.15,120.21,7030918,0
2012-09-26,120.23,120.37,119.69,119.82,6087160,0
2012-09-27,120.3,120.77,119.78,120.45,5559287,0
2012-09-28,119.84,120.34,119.36,119.96,5100973,0
2012-10-01,120.48,121.45,120.39,120.63,5425693,0
2012-10-02,120.93,121.17,119.86,120.34,7004688,0
2012-10-03,120.6,120.93,119.99,120.54,3709623,0
2012-10-04,120.97,121.46,120.8,121.3,4371426,0
2012-10-05,121.81,122.14,121.26,121.7,5095348,0
2012-10-08,121.19,121.61,121.13,121.41,2687135,0
2012-10-09,121.21,121.5,120.41,120.45,6744287,0
2012-10-10,120.27,120.32,119.09,119.29,11330369,0
2012-10-11,119.83,120,119.1,119.15,4100528,0
2012-10-12,119.28,119.76,118.81,119.15,3654978,0
2012-10-15,119.34,120.07,119.08,119.93,2952790,0
2012-10-16,120.51,121.16,120.43,121.11,6094414,0
2012-10-17,120.79,121.24,120.69,121.22,4263113,0
2012-10-18,121.07,121.52,120.83,121.16,7046012,0
2012-10-19,120.83,120.83,119.03,119.31,11646246,0
2012-10-22,119.13,119.54,118.34,119.3,6240477,0
2012-10-23,117.93,117.96,116.99,117.16,10001071,0
2012-10-24,117.4,117.62,116.81,116.97,6803380,0
2012-10-25,117.56,117.72,116.6,117.2,7042749,0
2012-10-26,117.12,117.6,116.6,117.21,4666920,0
2012-10-31,117.72,117.93,116.71,117.06,4396422,0
2012-11-01,117.42,118.69,117.37,118.28,4248663,0
2012-11-02,118.8,118.85,116.93,117.11,5737544,0
2012-11-05,116.93,117.51,116.62,117.27,3024580,0
2012-11-06,117.65,118.87,117.57,118.34,4920469,0
2012-11-07,117.44,117.44,115.28,115.84,20808870,0
2012-11-08,115.77,116.23,114.68,114.68,9403401,0
2012-11-09,114.11,115.42,114.05,114.61,7332575,0
2012-11-12,114.87,115.17,114.44,114.73,4193390,0
2012-11-13,114.17,115.53,114.1,114.28,6037149,0
2012-11-14,114.54,114.73,112.48,112.76,10577536,0
2012-11-15,112.58,112.97,112.06,112.53,8547332,0
2012-11-16,112.59,113,111.82,112.87,10406265,0
2012-11-19,113.76,114.7,113.66,114.65,10630942,0
2012-11-20,114.39,114.87,113.87,114.73,7816375,0
2012-11-21,114.67,115.18,114.57,115.13,5107596,0
2012-11-23,115.61,116.72,115.6,116.7,3723581,0
2012-11-26,116.02,116.39,115.72,116.39,5144080,0
2012-11-27,116.08,116.51,115.47,115.62,5466073,0
2012-11-28,115.14,116.59,114.52,116.5,8232515,0
2012-11-29,117.03,117.28,116.38,116.94,6804373,0
2012-11-30,117.05,117.21,116.62,116.9,5541942,0
2012-12-03,117.43,117.51,116.36,116.41,6480423,0
2012-12-04,116.46,116.94,116.18,116.27,6410879,0
2012-12-05,116.55,117.53,116.06,117.04,9679454,0
2012-12-06,117.12,117.51,116.89,117.47,4595748,0
2012-12-07,117.97,118.25,117.53,118.2,4444107,0
2012-12-10,118.23,118.62,118.21,118.37,3873914,0
2012-12-11,118.79,119.61,118.77,119.05,4463942,0
2012-12-12,119.49,119.79,118.9,119.06,10630735,0
2012-12-13,119.08,119.26,118.19,118.45,4278808,0
2012-12-14,118.34,118.61,117.93,118.12,3465967,0
2012-12-17,118.3,119.07,118.27,119,5046446,0
2012-12-18,119.22,120.13,118.94,119.98,7189108,0
2012-12-19,120.08,120.11,119.14,119.16,6134549,0
2012-12-20,119.11,119.74,118.85,119.67,6156645,0
2012-12-21,117.76,118.63,117.54,118.42,12794288,0
2012-12-24,117.96,118.08,117.68,117.68,2223042,0
2012-12-26,117.96,118.13,117.21,117.52,4432633,0
2012-12-27,117.65,117.82,116.22,117.34,9246882,0
2012-12-28,116.66,117.2,115.87,115.97,9538271,0
2012-12-31,115.6,117.6,115.49,117.32,13431849,0
2013-01-02,119.5,120.26,119.42,120.17,10727481,0
2013-01-03,120.06,120.44,119.77,120.06,9644556,0
2013-01-04,120.11,120.59,119.93,120.45,5296859,0
2013-01-07,120.1,120.13,119.64,119.95,6811306,0
2013-01-08,119.78,119.94,119.28,119.55,4754469,0
2013-01-09,119.85,120.38,119.85,120.12,4338445,0
2013-01-10,120.59,120.94,120.06,120.9,6682534,0
2013-01-11,120.83,121.14,120.6,121.07,5017094,0
2013-01-14,121.01,121.31,120.77,121.21,4783329,0
2013-01-15,120.67,121.55,120.62,121.38,3301011,0
2013-01-16,120.98,121.35,120.9,121.21,3558833,0
2013-01-17,121.65,122.39,121.52,122.08,6934679,0
2013-01-18,122.19,122.51,121.83,122.44,5472866,0
2013-01-22,122.48,123,122.28,122.98,5054554,0
2013-01-23,123.38,123.78,123.34,123.62,7116984,0
2013-01-24,123.75,124.57,123.73,124.13,6991669,0
2013-01-25,124.49,124.7,124.15,124.69,4960115,0
2013-01-28,124.9,124.91,124.4,124.71,3521698,0
2013-01-29,124.54,125.37,124.54,125.25,4388776,0
2013-01-30,125.25,125.36,124.73,124.81,6111532,0
2013-01-31,124.81,126.13,124.42,124.51,4374980,0
2013-02-01,125.28,125.83,125.06,125.68,5822414,0
2013-02-04,124.86,125,124.46,124.64,7258212,0
2013-02-05,125.25,125.79,125.22,125.38,6470049,0
2013-02-06,124.94,125.64,124.92,125.53,3464193,0
2013-02-07,125.54,125.58,124.42,125.3,7379218,0
2013-02-08,125.36,125.96,125.36,125.67,3973151,0
2013-02-11,125.56,125.62,125.22,125.49,2826910,0
2013-02-12,125.54,126.12,125.48,125.98,3889720,0
2013-02-13,126.14,126.24,125.47,125.81,3766264,0
2013-02-14,125.37,125.89,125.27,125.8,3389460,0
2013-02-15,125.81,125.99,125.12,125.75,6779039,0
2013-02-19,125.85,126.39,125.82,126.22,4375626,0
2013-02-20,126.24,126.51,125.25,125.25,6624436,0
2013-02-21,125.03,125.25,124.51,124.9,8339806,0
2013-02-22,125.54,126.1,125.23,126.08,4611644,0
2013-02-25,126.55,126.77,124.06,124.12,11125154,0
2013-02-26,124.75,125.31,124.43,125.15,10241911,0
2013-02-27,125.11,127.04,125.02,126.78,8211712,0
2013-02-28,126.64,127.47,126.41,126.51,12639855,0
2013-03-01,126.16,127.07,125.49,126.92,7215252,0
2013-03-04,126.57,127.27,126.34,127.24,4013948,0
2013-03-05,127.79,128.63,127.79,128.33,8829800,0
2013-03-06,128.83,128.99,128.46,128.77,4969030,0
2013-03-07,128.9,129.29,128.82,129.05,4090831,0
2013-03-08,129.81,129.88,129.11,129.63,6299759,0
2013-03-11,129.6,130.18,129.5,130.18,4849566,0
2013-03-12,130.12,130.49,129.89,130.22,5730058,0
2013-03-13,130.27,130.5,129.94,130.27,4792688,0
2013-03-14,130.59,131.1,130.55,131.08,5950550,0
2013-03-15,130.89,130.95,130.48,130.89,11991900,0
2013-03-18,130,130.95,129.86,130.28,6098753,0
2013-03-19,130.59,130.9,129.65,130.4,10293226,0
2013-03-20,130.93,131.18,130.67,130.88,6556389,0
2013-03-21,130.24,130.67,129.66,130.03,6724276,0
2013-03-22,130.4,131,130.38,130.96,5563941,0
2013-03-25,131.14,131.35,129.77,130.32,10626808,0
2013-03-26,130.75,131.32,130.71,131.31,5399123,0
2013-03-27,130.44,131.14,130.18,131.01,4569305,0
2013-03-28,131.06,131.55,130.91,131.35,4809355,0
2013-04-01,131.33,131.73,131.02,131.38,9543172,0
2013-04-02,131.86,132.44,131.77,132.23,6277875,0
2013-04-03,132.2,132.41,131.01,131.18,8477797,0
2013-04-04,131.39,131.96,131.14,131.77,8321938,0
2013-04-05,130.29,131.53,130.18,131.34,8086382,0
2013-04-08,131.35,131.93,130.83,131.93,4276983,0
2013-04-09,132.04,132.83,131.75,132.44,6077728,0
2013-04-10,132.86,133.77,132.84,133.54,8794765,0
2013-04-11,133.58,134.33,133.4,134.08,7719113,0
2013-04-12,133.72,134.14,133.45,134.1,9639409,0
2013-04-15,133.66,133.68,131.72,131.8,15690125,0
2013-04-16,132.85,133.19,132.31,133.16,7717590,0
2013-04-17,132.49,132.53,131.4,131.93,11903742,0
2013-04-18,132.07,132.09,130.84,131.22,9159345,0
2013-04-19,130.92,131.38,130.58,131.31,6666037,0
2013-04-22,131.54,131.71,130.47,131.48,12947627,0
2013-04-23,132.23,132.88,131.32,132.82,11536336,0
2013-04-24,132.97,133.15,132.47,132.53,5489016,0
2013-04-25,132.67,133.33,132.44,132.78,4599427,0
2013-04-26,132.6,133.09,132.58,132.86,3584746,0
2013-04-29,133.14,133.98,132.89,133.73,6780269,0
2013-04-30,133.73,133.94,133.01,133.87,8918373,0
2013-05-01,133.47,133.68,132.62,132.76,5939714,0
2013-05-02,133.06,133.89,132.89,133.81,4798714,0
2013-05-03,135.01,135.54,134.95,135.09,6556312,0
2013-05-06,135.09,135.32,134.89,135.16,3438815,0
2013-05-07,135.49,135.96,135.17,135.94,5930373,0
2013-05-08,135.82,136.58,135.79,136.56,4519318,0
2013-05-09,136.53,136.95,136.06,136.48,4366131,0
2013-05-10,136.54,136.71,135.97,136.65,4574828,0
2013-05-13,136.4,136.62,136.15,136.5,4246795,0
2013-05-14,136.52,137.62,136.5,137.59,6140862,0
2013-05-15,137.35,138.49,137.34,138.18,6379625,0
2013-05-16,138.04,138.49,137.68,137.87,9059907,0
2013-05-17,138.25,139,138.04,138.91,6066804,0
2013-05-20,138.81,139.27,138.61,138.81,4921942,0
2013-05-21,139.04,139.68,138.68,139.22,6322168,0
2013-05-22,139.4,140.73,138.18,138.63,14097938,0
2013-05-23,137.56,139,137.45,138.56,11547851,0
2013-05-24,137.99,138.61,137.61,138.56,4999771,0
2013-05-28,139.86,140.58,139.21,139.54,10339666,0
2013-05-29,138.8,139.01,137.87,138.64,8716132,0
2013-05-30,138.65,139.47,138.41,138.87,9075673,0
2013-05-31,138.42,139.41,136.91,137.07,8188221,0
2013-06-03,137.44,138.19,137.06,138.14,11974947,0
2013-06-04,138.1,138.71,136.85,137.54,8771407,0
2013-06-05,137.16,137.34,135.42,135.44,10394841,0
2013-06-06,135.51,136.34,134.51,136.33,16707474,0
2013-06-07,137.12,138.27,136.73,138.16,8916283,0
2013-06-10,138.58,138.67,137.84,138.04,5422223,0
2013-06-11,137.06,138.25,136.73,137.14,7730630,0
2013-06-12,138.01,138.18,135.81,135.96,7606607,0
2013-06-13,135.85,137.85,135.6,137.64,6843927,0
2013-06-14,137.5,137.87,136.46,136.69,5115442,0
2013-06-17,137.52,138.39,137.03,137.65,7380020,0
2013-06-18,137.82,139.12,137.78,138.86,5300972,0
2013-06-19,138.73,138.98,137.03,137.06,10080466,0
2013-06-20,135.94,135.98,133.61,133.85,15779897,0
2013-06-21,134.53,134.77,133.18,134.27,12066973,0
2013-06-24,133,133.98,132,132.96,15544312,0
2013-06-25,133.96,134.33,133.27,133.87,8338607,0
2013-06-26,134.79,135.51,134.48,135.24,6957882,0
2013-06-27,136.09,136.76,135.96,136.3,7244552,0
2013-06-28,135.74,136.41,134.94,135.02,7392506,0
2013-07-01,135.93,136.84,135.64,135.84,5386081,0
2013-07-02,135.61,136.56,134.87,135.37,5362999,0
2013-07-03,134.9,136.36,134.74,135.94,2859430,0
2013-07-05,137.01,137.33,135.83,137.26,6082315,0
2013-07-08,137.93,138.55,137.85,138.17,5407989,0
2013-07-09,138.8,139.07,138.35,138.88,5721437,0
2013-07-10,138.85,139.3,138.48,138.79,6739133,0
2013-07-11,140.29,140.54,139.69,140.32,6434611,0
2013-07-12,140.35,140.67,139.86,140.12,6985638,0
2013-07-15,140.48,140.78,140.28,140.56,3028373,0
2013-07-16,140.52,140.65,139.89,140.25,3954803,0
2013-07-17,140.56,140.76,140.13,140.37,7157216,0
2013-07-18,140.87,141.59,140.48,141.22,7506741,0
2013-07-19,140.98,141.22,140.69,141.21,5306168,0
2013-07-22,141.21,141.49,140.91,141.2,3478375,0
2013-07-23,141.63,141.73,141.17,141.43,3729003,0
2013-07-24,141.67,141.75,140.72,141.19,4278053,0
2013-07-25,140.66,141.33,140.33,141.21,6026033,0
2013-07-26,140.6,141.33,139.84,141.24,4240219,0
2013-07-29,140.96,141.22,140.58,141.03,2848329,0
2013-07-30,141.48,141.64,140.55,141.01,4628954,0
2013-07-31,141.21,142.04,140.68,140.94,12949025,0
2013-08-01,141.91,142.15,141.73,141.91,5354322,0
2013-08-02,141.54,142.22,141.31,142.18,3983078,0
2013-08-05,141.94,142.02,141.56,141.84,3387822,0
2013-08-06,141.45,141.46,140.54,140.95,3939223,0
2013-08-07,140.45,140.85,140.16,140.66,4770571,0
2013-08-08,141.4,141.51,140.14,140.8,5572941,0
2013-08-09,140.61,141.04,139.51,140.26,4999481,0
2013-08-12,139.63,140.43,139.53,140.18,4063405,0
2013-08-13,140.55,141.06,139.52,140.57,5222323,0
2013-08-14,140.4,140.56,139.33,139.51,7006131,0
2013-08-15,138.4,138.42,137.38,137.53,11011655,0
2013-08-16,137.37,137.82,137.06,137.32,7712961,0
2013-08-19,137.16,137.51,136.59,136.66,4575397,0
2013-08-20,136.83,137.24,136.51,136.67,4216329,0
2013-08-21,136.4,136.84,135.52,135.64,10414078,0
2013-08-22,135.84,136.54,135.77,136.36,4632336,0
2013-08-23,136.53,136.91,136.04,136.75,10522356,0
2013-08-26,136.75,137.13,136.17,136.19,6322619,0
2013-08-27,135.21,135.74,134.49,134.56,12536422,0
2013-08-28,134.5,135.46,134.45,135.07,5307492,0
2013-08-29,135.05,135.96,134.87,135.27,5145991,0
2013-08-30,135.44,135.44,134.51,134.9,6934588,0
2013-09-03,135.86,136.18,134.67,135.14,5951451,0
2013-09-04,135.05,136.37,134.86,136.16,5017137,0
2013-09-05,136.16,136.63,136,136.1,6598705,0
2013-09-06,136.62,136.89,134.82,136.07,9865192,0
2013-09-09,136.46,137.57,136.44,137.29,4829934,0
2013-09-10,138.21,138.52,137.86,138.5,8675917,0
2013-09-11,138.53,139.74,138.48,139.71,7722035,0
2013-09-12,139.88,139.96,139.38,139.6,6088703,0
2013-09-13,139.89,140.33,139.77,140.23,5292676,0
2013-09-16,141.77,141.91,141.14,141.41,7359675,0
2013-09-17,141.49,141.93,141.45,141.74,4952388,0
2013-09-18,141.62,143.26,141.13,142.95,10565454,0
2013-09-19,143.09,143.14,142.54,142.62,8359130,0
2013-09-20,142.75,142.78,141.08,141.08,10052542,0
2013-09-23,140.9,141.1,140.16,140.53,9475043,0
2013-09-24,140.56,140.82,139.81,139.91,6097614,0
2013-09-25,140.09,140.23,139.14,139.32,7863750,0
2013-09-26,139.57,140.36,139.37,139.81,5499209,0
2013-09-27,139.22,139.34,138.74,139.16,7485683,0
2013-09-30,137.84,138.54,137.53,138.03,10311211,0
2013-10-01,138.03,138.75,137.82,138.61,9421135,0
2013-10-02,137.93,138.13,137.27,138.01,9733268,0
2013-10-03,137.72,137.81,136.41,136.88,11977343,0
2013-10-04,136.89,137.63,136.64,137.51,7511551,0
2013-10-07,136.37,137.01,136.18,136.27,6653274,0
2013-10-08,136.27,136.39,134.84,134.86,11358407,0
2013-10-09,135.02,135.61,134.35,135.1,12121246,0
2013-10-10,136.39,138.04,136.34,137.99,13984988,0
2013-10-11,137.95,139.16,137.81,139.14,8952955,0
2013-10-14,138.22,139.74,138.11,139.67,7066173,0
2013-10-15,139.48,139.67,138.35,138.35,8891152,0
2013-10-16,139.27,140.38,139.18,140.34,9515001,0
2013-10-17,139.08,140.41,139.02,140.31,10849715,0
2013-10-18,140.64,140.78,139.91,140.59,8428432,0
2013-10-21,140.67,140.74,140.28,140.52,3920904,0
2013-10-22,140.99,141.78,140.8,141.2,8197685,0
2013-10-23,140.79,140.99,140.32,140.8,5933309,0
2013-10-24,141.14,141.86,141.04,141.73,5664226,0
2013-10-25,141.83,142.28,141.72,142.28,4988589,0
2013-10-28,142.07,142.47,141.89,142.22,5431790,0
2013-10-29,142.51,143.19,142.44,143.19,6319248,0
2013-10-30,143.41,143.55,142.22,142.65,6664808,0
2013-10-31,142.43,142.91,141.98,142.15,8914286,0
2013-11-01,142.4,142.9,141.97,142.64,6457077,0
2013-11-04,142.99,143.06,142.36,142.82,4417128,0
2013-11-05,142.14,142.91,141.79,142.67,5944245,0
2013-11-06,143.18,143.95,143.07,143.88,8244743,0
2013-11-07,144.36,144.42,142.49,142.63,11150689,0
2013-11-08,142.48,144.14,142.4,144.14,8301694,0
2013-11-11,143.99,144.37,143.81,144.25,4146874,0
2013-11-12,144.08,144.36,143.55,144.03,4475943,0
2013-11-13,143.21,144.73,143.19,144.67,5524424,0
2013-11-14,144.71,145.37,144.56,145.29,7577599,0
2013-11-15,145.43,146.09,145.34,146.09,7121005,0
2013-11-18,146.45,146.68,145.88,146.22,5712212,0
2013-11-19,146.35,146.67,145.9,146.12,5456431,0
2013-11-20,146.32,146.62,145.21,145.6,9159214,0
2013-11-21,146.08,146.62,145.97,146.6,4995506,0
2013-11-22,146.57,147.13,146.25,147.1,4871014,0
2013-11-25,147.49,147.52,147,147.31,5578910,0
2013-11-26,147.24,147.61,147.16,147.2,5706354,0
2013-11-27,147.46,147.59,147.11,147.52,6840473,0
2013-11-29,147.74,148.13,147.28,147.4,3149229,0
2013-12-02,147.44,147.51,146.45,146.66,6170564,0
2013-12-03,146.02,146.38,145.32,145.81,9446325,0
2013-12-04,145.32,146.29,144.73,145.6,7784277,0
2013-12-05,145.31,145.71,144.89,145,6352905,0
2013-12-06,146.3,146.89,145.94,146.87,6919583,0
2013-12-09,146.99,147.23,146.82,146.94,4332810,0
2013-12-10,146.51,146.9,146.4,146.46,4412379,0
2013-12-11,146.58,146.64,145.1,145.17,8620305,0
2013-12-12,145.08,145.29,144.04,144.39,7719138,0
2013-12-13,144.45,144.85,144.06,144.55,9690775,0
2013-12-16,145.23,146.15,145.12,145.72,7720212,0
2013-12-17,146.06,146.08,145.25,145.61,6546691,0
2013-12-18,145.96,148.34,144.99,148.31,16721037,0
2013-12-19,148.03,148.56,147.89,148.43,8744837,0
2013-12-20,148.57,149.43,148.56,148.95,8679086,0
2013-12-23,149.47,149.73,149.25,149.52,5431448,0
2013-12-24,149.62,150.09,149.49,150.01,2678273,0
2013-12-26,150.39,151.21,150.37,151.18,5405604,0
2013-12-27,151.47,151.61,150.96,151.19,6719770,0
2013-12-30,151.26,151.39,151.12,151.3,4398712,0
2013-12-31,151.62,152.16,151.51,152.13,6166350,0
2014-01-02,151.49,151.69,150.61,150.86,10111099,0
2014-01-03,151.12,151.56,150.8,151.11,6665928,0
2014-01-06,151.67,151.74,150.49,150.65,8101166,0
2014-01-07,151.37,151.96,151.23,151.65,5861414,0
2014-01-08,151.41,151.53,150.67,151.07,10293158,0
2014-01-09,151.63,151.67,150.33,150.93,8938219,0
2014-01-10,151.27,151.4,150.33,150.92,8155788,0
2014-01-13,150.66,151.01,149.08,149.18,11615737,0
2014-01-14,149.64,150.29,149.27,150.27,7980802,0
2014-01-15,150.45,151.5,150.38,151.28,8464904,0
2014-01-16,150.96,151.05,150.33,150.74,5630409,0
2014-01-17,150.69,151.43,150.53,150.95,8711071,0
2014-01-21,151.84,151.85,149.79,150.63,10244476,0
2014-01-22,150.66,150.7,149.97,150.4,5892628,0
2014-01-23,149.46,149.46,148.15,148.79,10825400,0
2014-01-24,147.83,147.98,145.82,145.82,16009811,0
2014-01-27,146.02,146.39,144.9,145.39,15508094,0
2014-01-28,145.81,146.44,145.63,146.23,9043969,0
2014-01-29,145.04,145.6,144.2,144.53,15522953,0
2014-01-30,145.64,146.08,144.77,145.53,8555139,0
2014-01-31,143.71,145.09,143.34,144.2,11624270,0
2014-02-03,144.04,144.21,141,141.26,19757796,0
2014-02-04,141.67,142.18,141.01,141.79,12886195,0
2014-02-05,141.46,142.17,140.87,141.88,12618953,0
2014-02-06,142.33,143.63,142.33,143.62,11336168,0
2014-02-07,144.03,145.17,143.53,145.15,13636862,0
2014-02-10,145.13,145.19,144.55,145.13,5208553,0
2014-02-11,145.43,147.31,145.31,146.99,8285464,0
2014-02-12,147.22,147.61,146.6,146.94,5712315,0
2014-02-13,145.98,147.63,145.94,147.49,5537420,0
2014-02-14,147.3,148.9,147.12,148.67,6513399,0
2014-02-18,148.78,148.84,148.21,148.49,5399516,0
2014-02-19,148.1,149.37,147.56,147.68,8964502,0
2014-02-20,147.71,148.8,147.32,148.39,7647476,0
2014-02-21,148.6,149.13,148.13,148.32,5710975,0
2014-02-24,148.53,150.09,148.48,149.17,7276703,0
2014-02-25,149.23,149.69,148.64,149.01,6580441,0
2014-02-26,149.21,149.71,148.78,149.31,5455975,0
2014-02-27,149.15,149.98,148.88,149.97,5738229,0
2014-02-28,149.98,151.06,149.48,150.39,10854062,0
2014-03-03,149.1,149.66,148.01,149,9921394,0
2014-03-04,150.49,151.29,150.42,150.95,8619928,0
2014-03-05,151.07,151.11,150.56,150.69,5386127,0
2014-03-06,151.11,151.57,151.05,151.37,5043294,0
2014-03-07,152.05,152.13,151.11,151.61,8003407,0
2014-03-10,151.33,151.44,150.53,151.27,4335892,0
2014-03-11,151.55,151.74,150.47,150.76,5660075,0
2014-03-12,150.07,150.9,149.91,150.58,5699897,0
2014-03-13,151.03,151.31,148.29,148.56,10298940,0
2014-03-14,148.24,149.11,147.93,148.16,9326602,0
2014-03-17,148.89,150.08,148.84,149.81,7201221,0
2014-03-18,150.09,150.96,149.97,150.63,7690752,0
2014-03-19,150.58,150.9,148.66,149.66,8599503,0
2014-03-20,149.32,150.81,148.99,150.64,7172239,0
2014-03-21,151.05,151.74,150.21,150.3,8256379,0
2014-03-24,150.73,151.04,149.53,150.12,6860814,0
2014-03-25,150.97,151.29,150.25,150.98,6483355,0
2014-03-26,151.62,151.86,150.02,150.03,6638631,0
2014-03-27,149.96,150.33,149.29,149.98,8347454,0
2014-03-28,150.28,151.39,150.02,150.49,4908640,0
2014-03-31,151.29,151.99,151.22,151.78,6891175,0
2014-04-01,152.18,152.8,152.11,152.44,4412122,0
2014-04-02,152.68,153.02,152.26,152.85,6053236,0
2014-04-03,153.16,153.18,152.45,152.82,4809644,0
2014-04-04,153.39,153.44,151.16,151.45,11428148,0
2014-04-07,151.16,151.49,149.84,149.88,9334954,0
2014-04-08,149.82,150.38,149.3,150.03,6417350,0
2014-04-09,150.63,151.68,150.11,151.64,6507552,0
2014-04-10,151.66,151.84,149.06,149.24,10783136,0
2014-04-11,148.46,149.11,147.74,147.88,11977160,0
2014-04-14,148.89,149.37,148.06,149.22,6785886,0
2014-04-15,149.48,150.15,148.17,150.05,9190296,0
2014-04-16,151.01,151.58,150.56,151.57,6350167,0
2014-04-17,151.31,151.85,151.04,151.45,6261552,0
2014-04-21,151.53,151.91,151.4,151.7,3316584,0
2014-04-22,151.97,152.91,151.89,152.43,4374011,0
2014-04-23,152.56,152.61,152.11,152.28,3836880,0
2014-04-24,152.63,152.73,151.85,152.33,4358467,0
2014-04-25,151.75,151.85,150.75,151.06,5519120,0
2014-04-28,151.8,152.33,150.54,151.83,7824143,0
2014-04-29,152.26,152.88,152.14,152.62,4954089,0
2014-04-30,152.57,153.17,152.45,153.03,5362596,0
2014-05-01,152.91,153.25,152.52,152.84,4205668,0
2014-05-02,152.78,153.36,152.17,152.38,7609302,0
2014-05-05,151.64,152.79,151.16,152.55,4389669,0
2014-05-06,152.3,152.32,151.38,151.43,5710985,0
2014-05-07,152.16,152.7,151.1,152.65,6031610,0
2014-05-08,152.64,153.58,152.48,152.95,6485542,0
2014-05-09,152.9,153.3,152.49,153.26,4572370,0
2014-05-12,153.78,154.36,153.78,154.25,4265495,0
2014-05-13,154.51,154.69,154.38,154.48,4468169,0
2014-05-14,154.5,154.55,153.43,153.62,3358279,0
2014-05-15,153.3,153.38,151.69,152.19,8154358,0
2014-05-16,152.22,152.68,151.85,152.65,5513137,0
2014-05-19,152.2,152.93,152.11,152.75,3106551,0
2014-05-20,152.74,152.76,151.17,151.44,5239578,0
2014-05-21,152.03,153.14,151.97,152.99,5283936,0
2014-05-22,153.08,153.32,152.64,153.17,3843951,0
2014-05-23,153.25,153.8,153.17,153.76,3081335,0
2014-05-27,154.32,154.46,154.02,154.33,2763469,0
2014-05-28,154.4,154.41,153.86,153.98,3970550,0
2014-05-29,154.33,154.63,153.93,154.62,2981681,0
2014-05-30,154.46,154.85,154.18,154.76,2986796,0
2014-06-02,155.06,155.18,154.49,155.01,4802987,0
2014-06-03,154.77,155.01,154.59,154.85,4449140,0
2014-06-04,154.71,155.07,154.44,154.95,2443227,0
2014-06-05,155.29,156.03,154.75,155.86,5841830,0
2014-06-06,156.29,156.79,156.18,156.76,4442293,0
2014-06-09,156.79,157.23,156.7,156.91,2926187,0
2014-06-10,156.82,157.02,156.55,157.01,3043377,0
2014-06-11,156.46,156.52,155.82,156.07,3306091,0
2014-06-12,156.01,156.06,154.81,155.08,5836260,0
2014-06-13,155.32,155.6,154.95,155.39,2921716,0
2014-06-16,155.19,155.73,154.96,155.46,3309284,0
2014-06-17,155.21,155.92,155.05,155.75,3112114,0
2014-06-18,155.79,156.74,155.14,156.63,5100587,0
2014-06-19,156.7,156.86,156.26,156.77,3268740,0
2014-06-20,157.23,157.39,156.96,157.06,5780846,0
2014-06-23,157.04,157.1,156.61,156.91,2937846,0
2014-06-24,156.78,157.3,155.75,155.91,5234215,0
2014-06-25,155.61,156.52,155.6,156.32,3937130,0
2014-06-26,156.42,156.43,155.16,156.12,4362129,0
2014-06-27,155.82,156.29,155.43,156.21,3328538,0
2014-06-30,155.95,156.39,155.73,155.93,6984438,0
2014-07-01,156.31,157.59,156.27,157.18,5287800,0
2014-07-02,157.28,157.47,157.16,157.37,2079475,0
2014-07-03,157.81,158.36,157.68,158.36,2233417,0
2014-07-07,157.83,157.94,157.51,157.81,3168834,0
2014-07-08,157.54,157.56,156.48,156.85,5854713,0
2014-07-09,157.16,157.68,156.86,157.54,3814783,0
2014-07-10,155.93,157.31,155.77,156.96,5309090,0
2014-07-11,156.77,157.2,156.36,157.18,3046822,0
2014-07-14,158.06,158.5,157.96,158.19,3047617,0
2014-07-15,158.41,158.75,157.73,158.28,5563397,0
2014-07-16,158.8,158.99,158.54,158.9,3443147,0
2014-07-17,158.65,159.15,157.42,157.57,6613801,0
2014-07-18,158.06,158.78,157.86,158.62,7448148,0
2014-07-21,158.18,158.45,157.5,158.26,3103876,0
2014-07-22,158.6,158.97,158.5,158.76,4084174,0
2014-07-23,158.83,158.83,158.28,158.6,2804247,0
2014-07-24,158.68,158.87,158.3,158.51,3468831,0
2014-07-25,157.92,157.96,156.94,157.31,6146265,0
2014-07-28,157.38,157.78,156.58,157.55,3877607,0
2014-07-29,157.99,158.27,156.96,156.96,3962150,0
2014-07-30,157.41,157.65,156,156.67,5857012,0
2014-07-31,155.54,155.69,153.72,153.72,9722016,0
2014-08-01,153.26,153.92,152.55,153.07,7996324,0
2014-08-04,153.26,154,152.65,153.76,4734727,0
2014-08-05,153.29,153.57,151.92,152.46,9164273,0
2014-08-06,152.04,153.21,151.95,152.74,5141600,0
2014-08-07,153.3,153.32,151.72,152.13,5336405,0
2014-08-08,152.23,153.8,152.02,153.77,5819994,0
2014-08-11,154.32,154.49,153.88,153.95,6196998,0
2014-08-12,153.71,154.15,153.43,153.9,3520786,0
2014-08-13,154.36,154.97,154.14,154.82,3055836,0
2014-08-14,155,155.37,154.79,155.37,2957379,0
2014-08-15,155.94,155.98,154.11,154.96,7548545,0
2014-08-18,155.79,156.63,155.78,156.57,3194264,0
2014-08-19,157.12,157.46,156.81,157.34,3281613,0
2014-08-20,157.18,158.13,157.18,158,3336991,0
2014-08-21,158.16,158.85,158.08,158.54,2847410,0
2014-08-22,158.38,158.8,158.04,158.25,5530423,0
2014-08-25,158.88,159.37,158.76,158.93,2778480,0
2014-08-26,159.13,159.64,159.09,159.24,3844172,0
2014-08-27,159.5,159.5,159.06,159.32,5541255,0
2014-08-28,158.72,159.19,158.47,159.08,2986037,0
2014-08-29,159.21,159.31,158.59,159.19,3520974,0
2014-09-02,159.25,159.38,158.41,158.9,3712459,0
2014-09-03,159.67,159.76,158.85,159.03,3056315,0
2014-09-04,159.22,159.84,158.58,158.97,4036868,0
2014-09-05,158.84,159.58,158.38,159.54,3653370,0
2014-09-08,159.35,159.64,159.06,159.37,3370306,0
2014-09-09,159.1,159.15,158.27,158.49,4566635,0
2014-09-10,158.53,159.12,158.1,158.98,4933214,0
2014-09-11,158.27,158.93,158.2,158.83,3248286,0
2014-09-12,158.7,158.76,157.83,158.28,5367965,0
2014-09-15,158.41,158.89,157.96,158.65,5507271,0
2014-09-16,158.35,159.97,158.27,159.67,6383285,0
2014-09-17,159.85,160.49,159.24,159.86,9122246,0
2014-09-18,160.26,161,160.15,160.83,6933079,0
2014-09-19,161.55,161.85,160.82,161.06,9973933,0
2014-09-22,160.97,160.99,159.9,160.08,5242532,0
2014-09-23,159.58,160.05,158.93,158.93,5913544,0
2014-09-24,159.08,160.55,158.71,160.44,6227207,0
2014-09-25,160.18,160.18,157.92,157.98,9542696,0
2014-09-26,158.56,159.82,158.29,159.41,6492624,0
2014-09-29,157.99,159.3,157.77,159.05,5533782,0
2014-09-30,159.17,159.79,158.57,158.8,5883582,0
2014-10-01,158.65,158.71,156.34,156.59,11801606,0
2014-10-02,156.31,157.13,155.4,156.56,9734339,0
2014-10-03,157.72,158.7,157.23,158.5,5984854,0
2014-10-06,159.16,159.4,157.79,158.36,5691722,0
2014-10-07,157.57,157.77,155.8,155.8,7634103,0
2014-10-08,155.81,158.58,155.33,158.4,9525397,0
2014-10-09,157.97,158.27,155.18,155.32,14336711,0
2014-10-10,155.36,156.28,154.27,154.27,13618294,0
2014-10-13,154.16,154.81,152.1,152.17,15108081,0
2014-10-14,152.88,153.52,151.77,152.27,14594342,0
2014-10-15,150.53,151.14,147.81,150.62,26740031,0
2014-10-16,148.46,151.24,148.2,150.34,20269874,0
2014-10-17,152.1,153.24,151.62,152.8,12543527,0
2014-10-20,151.76,153.01,151.66,152.99,7656765,0
2014-10-21,153.71,155.03,153.38,154.96,9627633,0
2014-10-22,155.27,155.36,153.54,153.64,6449284,0
2014-10-23,155.18,156.43,155.14,155.57,7521631,0
2014-10-24,155.71,156.82,155.3,156.78,6134546,0
2014-10-27,156.3,157.07,156.04,156.91,5417473,0
2014-10-28,157.48,158.59,157.15,158.58,5822174,0
2014-10-29,158.89,159.21,157.59,158.34,8117427,0
2014-10-30,158.55,160.74,158.52,160.4,7969708,0
2014-10-31,162.02,162.27,161.49,162.12,8092224,0
2014-11-03,162.22,162.42,161.74,162.04,5760988,0
2014-11-04,161.77,162.29,161.21,162.13,6917179,0
2014-11-05,163.18,163.23,162.35,163.16,5653365,0
2014-11-06,163.34,163.98,162.81,163.88,7691059,0
2014-11-07,163.83,164.14,163.37,164.12,4298847,0
2014-11-10,164.15,164.55,163.92,164.45,3146932,0
2014-11-11,164.47,164.73,164.23,164.51,3415288,0
2014-11-12,163.86,164.69,163.84,164.53,3034627,0
2014-11-13,164.74,165.44,164.33,164.91,6963086,0
2014-11-14,164.84,165.12,164.61,164.83,3767148,0
2014-11-17,164.55,165.23,164.49,164.96,3925217,0
2014-11-18,165,165.78,164.92,165.42,5048603,0
2014-11-19,165.31,165.61,164.78,165.39,4291718,0
2014-11-20,164.6,165.7,164.52,165.67,3082501,0
2014-11-21,167.26,167.33,166.11,166.51,5102436,0
2014-11-24,166.88,166.96,166.4,166.6,2570162,0
2014-11-25,166.9,166.93,166.37,166.74,5878375,0
2014-11-26,166.74,166.85,166.46,166.78,3207061,0
2014-11-28,166.91,167.42,166.64,166.85,4308619,0
2014-12-01,166.33,166.79,165.88,166.41,7119720,0
2014-12-02,166.49,167.5,166.48,167.29,4182383,0
2014-12-03,167.32,167.87,167.15,167.69,11745074,0
2014-12-04,167.46,168.02,166.8,167.56,5112183,0
2014-12-05,168,168.51,167.72,168.23,4555118,0
2014-12-08,167.7,168.26,166.75,167.27,5941877,0
2014-12-09,165.65,166.8,165.14,166.74,8478939,0
2014-12-10,166.32,166.32,164.02,164.27,8129542,0
2014-12-11,164.84,166.47,164.64,164.95,7326620,0
2014-12-12,163.8,164.61,162.05,162.11,13109403,0
2014-12-15,162.82,163.18,160.44,160.99,9468528,0
2014-12-16,160.5,163.43,159.99,160.1,13079724,0
2014-12-17,160.5,163.03,160.31,162.66,13767041,0
2014-12-18,164.91,166.62,164.35,166.59,10402603,0
2014-12-19,166.92,167.54,166.35,166.8,12195101,0
2014-12-22,167.41,168.45,167.31,168.45,8364666,0
2014-12-23,168.91,169.42,168.73,169.07,6627946,0
2014-12-24,169.23,169.53,168.98,169.07,1754488,0
2014-12-26,169.51,169.69,169.23,169.23,2045144,0
2014-12-29,168.92,169.41,168.86,169.15,2695044,0
2014-12-30,168.69,168.91,168.35,168.53,3144790,0
2014-12-31,168.87,169.16,167,167,4806871,0
2015-01-02,167.77,168.34,166.19,167.06,5321246,0
2015-01-05,166.27,166.4,163.87,164.2,7134213,0
2015-01-06,164.41,164.85,161.81,162.83,10786421,0
2015-01-07,164.21,165.09,163.65,164.9,5905376,0
2015-01-08,166.47,168.07,166.4,167.88,7628974,0
2015-01-09,168.09,168.17,165.86,166.41,7077718,0
2015-01-12,166.62,166.78,164.78,165.53,4582263,0
2015-01-13,166.85,168.14,164.07,165.28,10556157,0
2015-01-14,162.88,164.09,161.91,163.48,11809235,0
2015-01-15,164.1,164.42,162.26,162.51,9894770,0
2015-01-16,162.19,164.45,161.77,164.18,9278183,0
2015-01-20,164.74,165.06,162.73,164.4,7684325,0
2015-01-21,163.81,165.2,163.24,164.82,6659456,0
2015-01-22,165.37,167.41,164.04,167.19,10162402,0
2015-01-23,166.98,167.09,165.78,165.79,5100733,0
2015-01-26,165.58,166.08,164.84,165.88,3968915,0
2015-01-27,163.08,164.26,162.2,163.17,12301848,0
2015-01-28,164.07,164.12,161.29,161.41,9714724,0
2015-01-29,161.8,163.63,160.8,163.47,10229879,0
2015-01-30,162.78,163.52,160.99,161.17,11850415,0
2015-02-02,161.61,163.01,159.88,162.86,10040664,0
2015-02-03,163.71,165.78,163.66,165.72,8025075,0
2015-02-04,165.25,166.85,165.23,165.91,6314800,0
2015-02-05,166.69,167.91,166.43,167.82,6418221,0
2015-02-06,167.88,168.58,166.78,167.36,7673040,0
2015-02-09,166.51,167.21,166.06,166.43,3961175,0
2015-02-10,167.42,168.01,166.48,167.78,3800607,0
2015-02-11,167.44,168.35,166.94,167.97,5503185,0
2015-02-12,168.48,169.11,168.26,169.03,3982071,0
2015-02-13,169.19,169.67,168.95,169.51,4253874,0
2015-02-17,169.26,169.82,168.9,169.7,3033165,0
2015-02-18,169.36,169.81,169.16,169.61,2898559,0
2015-02-19,169.06,169.58,168.65,169.28,2833857,0
2015-02-20,168.4,170.31,167.77,170.25,9484599,0
2015-02-23,169.85,170.03,169.49,170.03,2913690,0
2015-02-24,170.14,171.14,170,171,4498875,0
2015-02-25,170.91,171.25,170.66,171.05,3003000,0
2015-02-26,171.01,171.31,170.5,171.09,3240525,0
2015-02-27,170.99,171.03,170.26,170.3,3363477,0
2015-03-02,170.51,171.73,170.48,171.73,3418567,0
2015-03-03,171.31,171.46,170.3,170.97,3006397,0
2015-03-04,170.51,170.51,169.32,169.9,4064386,0
2015-03-05,170.35,170.55,169.83,170.28,2564751,0
2015-03-06,169.31,169.76,167.4,167.67,7764053,0
2015-03-09,167.92,169.37,167.8,168.99,4090665,0
2015-03-10,167.65,167.78,166.06,166.07,6458267,0
2015-03-11,166.28,166.62,165.63,165.74,5941720,0
2015-03-12,166.56,168.28,165.99,165.99,4289944,0
2015-03-13,167.71,168.65,165.67,168.64,7271338,0
2015-03-16,167.53,169.1,167.52,168.97,5904912,0
2015-03-17,168.05,168.23,167.13,167.77,5737761,0
2015-03-18,167.18,170.12,166.32,169.85,12016648,0
2015-03-19,169.37,169.54,168.53,168.86,6627436,0
2015-03-20,169.89,171.08,169.62,170.38,6009738,0
2015-03-23,170.47,171.15,170.26,170.27,3816997,0
2015-03-24,170.06,170.6,169.27,169.33,4983501,0
2015-03-25,169.42,169.61,166.52,166.56,9001022,0
2015-03-26,165.85,166.89,165.21,166.15,7014563,0
2015-03-27,166,166.61,165.68,166.46,4218467,0
2015-03-30,167.89,169.26,167.86,168.89,5734518,0
2015-03-31,168.09,168.61,167.01,167.16,4921542,0
2015-04-01,167.12,167.12,165.32,166.39,7902588,0
2015-04-02,166.35,167.49,166.1,166.92,3423801,0
2015-04-06,166.01,168.68,165.78,168.16,6675223,0
2015-04-07,168.33,169.08,167.99,167.99,6384590,0
2015-04-08,168.22,169.06,167.54,168.32,5032787,0
2015-04-09,168.25,169.13,167.56,168.9,4762139,0
2015-04-10,169.18,169.87,168.69,169.81,3678600,0
2015-04-13,169.68,170.28,168.99,169.14,3566760,0
2015-04-14,169.08,169.97,168.37,169.63,5110212,0
2015-04-15,170.23,170.79,169.88,170.3,4649520,0
2015-04-16,170.14,170.92,169.86,170.33,4114437,0
2015-04-17,168.89,169.03,166.87,167.64,9216643,0
2015-04-20,168.93,170.15,168.78,169.61,5684171,0
2015-04-21,170.24,170.42,168.62,168.88,3816695,0
2015-04-22,169.29,169.81,168.24,169.63,5916916,0
2015-04-23,169.05,170.6,168.83,169.92,5193474,0
2015-04-24,170.01,170.36,169.4,170.08,4256207,0
2015-04-27,170.99,171.07,169.54,169.73,5274249,0
2015-04-28,169.91,170.48,168.53,170.38,4812600,0
2015-04-29,169.41,170.25,168.87,169.64,6962206,0
2015-04-30,169.32,169.6,167.15,167.88,9090440,0
2015-05-01,168.84,169.59,168.63,169.5,4134934,0
2015-05-04,169.93,170.58,169.81,169.99,3456794,0
2015-05-05,169.79,170.13,168.45,168.66,5642666,0
2015-05-06,169.45,169.81,166.95,168.08,7995375,0
2015-05-07,167.82,169.32,167.59,168.9,4396854,0
2015-05-08,170.67,171.51,170.61,171.36,5869065,0
2015-05-11,171.28,171.49,170.42,170.61,3984003,0
2015-05-12,169.66,170.76,168.89,170.26,5034051,0
2015-05-13,170.4,170.97,170.02,170.29,4087831,0
2015-05-14,171.32,172.09,171.25,172.01,5223620,0
2015-05-15,172.09,172.35,171.78,172.32,4789268,0
2015-05-18,172.28,172.83,172.05,172.51,3060976,0
2015-05-19,172.72,173.06,172.22,172.76,2930003,0
2015-05-20,172.98,173.13,172.39,172.54,5380886,0
2015-05-21,172.45,172.85,172.21,172.62,2885112,0
2015-05-22,172.38,172.57,171.91,172.11,2496224,0
2015-05-26,171.82,171.82,169.75,170.31,5856270,0
2015-05-27,170.7,171.68,170.39,171.43,3800041,0
2015-05-28,171.04,171.25,170.58,171.21,3877082,0
2015-05-29,171.09,171.11,169.64,170.05,5214427,0
2015-06-01,170.93,171.08,169.77,170.34,4605905,0
2015-06-02,169.99,170.89,169.29,170.09,5407799,0
2015-06-03,170.75,171.63,170.06,170.81,5805703,0
2015-06-04,170.04,170.85,168.81,169.23,7744330,0
2015-06-05,169.09,169.46,168.33,168.54,5537547,0
2015-06-08,168.55,168.64,167.77,167.9,4639250,0
2015-06-09,167.89,168.34,167.29,167.8,5001348,0
2015-06-10,168.48,170.48,168.44,170,5804506,0
2015-06-11,170.62,171.18,170.33,170.57,3934186,0
2015-06-12,169.82,170,168.75,169.15,4836444,0
2015-06-15,167.96,168.43,167.2,168.18,5827627,0
2015-06-16,168.15,169.37,167.97,169.23,3470457,0
2015-06-17,169.63,170.08,168.53,169.48,3866550,0
2015-06-18,170.15,171.82,170.08,171.25,6929166,0
2015-06-19,171.05,171.14,170.15,170.18,4187028,0
2015-06-22,171.42,171.86,171.08,171.31,4276069,0
2015-06-23,171.49,171.92,171.15,171.49,3292111,0
2015-06-24,170.97,171.36,169.82,169.84,4572456,0
2015-06-25,170.49,170.53,169.08,169.14,3805292,0
2015-06-26,169.61,170.25,169.17,169.59,5128686,0
2015-06-29,168.14,168.71,166.24,166.28,9388699,0
2015-06-30,167.55,167.57,166.1,166.45,9664544,0
2015-07-01,168.12,168.37,167.14,167.96,4367753,0
2015-07-02,168.34,168.56,167.21,167.61,4234032,0
2015-07-06,166.27,167.7,166.01,167.24,3959506,0
2015-07-07,167.44,168.28,165.15,168.18,8221739,0
2015-07-08,166.71,167,165.49,165.68,7234766,0
2015-07-09,167.71,168.02,165.88,165.93,4839058,0
2015-07-10,167.78,168.35,167.18,167.97,4757727,0
2015-07-13,169.32,170.12,169.29,170.02,4091751,0
2015-07-14,169.9,170.95,169.75,170.74,2911652,0
2015-07-15,170.73,171.12,170.32,170.75,3599538,0
2015-07-16,171.57,171.62,170.91,171.46,2635376,0
2015-07-17,171.09,171.19,170.59,171.11,2914947,0
2015-07-20,171.49,171.64,170.94,171.25,3125255,0
2015-07-21,170.28,170.3,169.09,169.6,5304477,0
2015-07-22,169.09,169.55,168.52,168.96,4022014,0
2015-07-23,168.94,168.99,167.56,167.89,5243059,0
2015-07-24,167.96,167.98,166.13,166.33,4845013,0
2015-07-27,165.35,165.63,164.68,165.11,5666850,0
2015-07-28,165.7,167.01,165.18,166.85,5936787,0
2015-07-29,167.06,168.28,166.91,167.98,4406659,0
2015-07-30,167.77,168.11,166.87,167.95,3861090,0
2015-07-31,168.39,168.43,167.22,167.41,4731469,0
2015-08-03,167.55,167.6,165.59,166.54,4780831,0
2015-08-04,166.58,166.87,165.68,166.14,4279713,0
2015-08-05,166.62,167.25,165.87,166.18,4817684,0
2015-08-06,166.29,166.45,164.55,165.1,5670472,0
2015-08-07,164.79,165,163.77,164.74,6498710,0
2015-08-10,165.65,167.05,165.65,166.93,4752890,0
2015-08-11,165.47,165.73,164.48,164.99,7133682,0
2015-08-12,163.8,165.28,162.41,165.09,9313300,0
2015-08-13,164.88,165.81,164.45,165.19,6925355,0
2015-08-14,165.05,165.92,164.94,165.74,3706282,0
2015-08-17,165.12,166.52,164.52,166.5,4279395,0
2015-08-18,166.1,166.7,165.92,166.15,4274225,0
2015-08-19,165.21,166.3,164.05,164.64,11595929,0
2015-08-20,163.24,163.53,161.32,161.32,12997743,0
2015-08-21,159.51,160.37,156.3,156.3,19836477,0
2015-08-24,148.19,155.38,143.1,150.57,36920583,0
2015-08-25,155.27,155.61,148.58,148.78,20360507,0
2015-08-26,152.5,154.87,149.92,154.63,20915144,0
2015-08-27,156.72,158.27,155,158.23,16013013,0
2015-08-28,157.55,158.39,157.09,158.12,8536480,0
2015-08-31,157.2,157.98,156.21,157.03,6693538,0
2015-09-01,153.42,154.59,151.89,152.57,15006602,0
2015-09-02,154.9,155.41,153.31,155.39,8688889,0
2015-09-03,156.22,157.33,155.08,155.6,8439710,0
2015-09-04,153.44,153.95,152.36,153.05,9099532,0
2015-09-08,155.73,156.89,155.22,156.77,7175284,0
2015-09-09,158.31,158.48,154.22,154.49,8273411,0
2015-09-10,154.51,156.39,154.14,155.33,8757888,0
2015-09-11,154.87,156.33,154.49,156.28,6523767,0
2015-09-14,156.35,156.47,155.31,155.69,4833764,0
2015-09-15,156.25,158.31,155.86,157.93,6853840,0
2015-09-16,158.24,159.39,157.82,159.25,5797364,0
2015-09-17,159.16,161.11,158.26,158.57,15009822,0
2015-09-18,156.21,157.4,155.45,155.78,7730078,0
2015-09-21,156.85,157.71,155.88,157.08,8148895,0
2015-09-22,154.91,155.61,154.29,155.26,9426474,0
2015-09-23,155.51,155.63,154.19,154.88,4781597,0
2015-09-24,153.46,154.53,152.37,154.18,8864222,0
2015-09-25,156.05,156.63,154.36,155.14,10995999,0
2015-09-28,154.34,154.36,152.04,152.24,10508343,0
2015-09-29,152.42,153.3,151.65,152.66,10399304,0
2015-09-30,154.34,155.03,153.39,154.91,8000666,0
2015-10-01,155.27,155.54,152.93,154.78,7204410,0
2015-10-02,152.78,156.76,152.37,156.76,12468728,0
2015-10-05,157.89,159.83,157.64,159.63,6655309,0
2015-10-06,159.79,160.46,159.32,159.74,6992567,0
2015-10-07,160.63,161.44,159.52,160.96,9272441,0
2015-10-08,160.7,162.56,160.46,162.27,8566497,0
2015-10-09,162.52,162.87,162.03,162.66,5330665,0
2015-10-12,162.63,163.12,162.37,163.06,2976902,0
2015-10-13,162.14,163.46,162.07,162.54,6203449,0
2015-10-14,162.4,162.85,160.74,161.07,5693991,0
2015-10-15,161.37,163.21,161.19,163.21,10116914,0
2015-10-16,163.4,163.91,162.8,163.83,8765448,0
2015-10-19,163.25,164.04,163.01,164.04,5099337,0
2015-10-20,163.54,164.29,163.21,163.95,4345004,0
2015-10-21,164.34,164.82,163.29,163.44,6087346,0
2015-10-22,164.44,166.68,164.37,166.58,8974574,0
2015-10-23,167.73,168.36,167.1,168.09,8019618,0
2015-10-26,167.97,168.18,167.6,167.75,3982891,0
2015-10-27,167.06,167.92,166.97,167.4,4927571,0
2015-10-28,167.74,169.35,167.09,169.35,7710601,0
2015-10-29,168.71,169.38,168.4,169.05,4959781,0
2015-10-30,169.31,169.49,168.17,168.21,6849131,0
2015-11-02,168.56,169.9,168.43,169.74,4384244,0
2015-11-03,169.56,171.18,169.46,170.66,4496099,0
2015-11-04,171.15,171.17,169.81,170.25,7208918,0
2015-11-05,170.35,170.84,169.4,170.24,5254947,0
2015-11-06,170.09,170.76,169.38,170.73,8019506,0
2015-11-09,170.1,170.2,168.43,169.09,8354703,0
2015-11-10,168.66,169.51,168.43,169.44,5076147,0
2015-11-11,169.79,169.85,168.79,168.88,3001180,0
2015-11-12,167.82,168.07,166.38,166.46,6468134,0
2015-11-13,165.9,166.35,164.44,164.49,8405964,0
2015-11-16,164.39,166.82,164.06,166.78,5259879,0
2015-11-17,167.33,167.98,166.54,166.9,6938112,0
2015-11-18,167.41,169.5,167.4,169.4,6562676,0
2015-11-19,168.86,169.67,168.83,169.33,5726290,0
2015-11-20,170.35,171.13,169.85,170.24,8084835,0
2015-11-23,170.06,170.65,169.52,169.93,2716106,0
2015-11-24,168.91,170.58,168.86,170.16,4319904,0
2015-11-25,170.19,170.5,169.98,170.11,2329647,0
2015-11-27,169.99,170.36,169.57,170.08,3010321,0
2015-11-30,170.31,170.5,169.37,169.46,3742766,0
2015-12-01,170.1,171.07,169.83,170.98,6336388,0
2015-12-02,170.81,171.2,169.32,169.51,7767352,0
2015-12-03,169.85,170.02,166.6,167.13,7326393,0
2015-12-04,167.55,170.85,167.44,170.59,6539620,0
2015-12-07,170.2,170.26,168.67,169.55,5906219,0
2015-12-08,167.98,169.1,167.22,168.06,7206413,0
2015-12-09,167.74,169.95,166.43,167.29,9983884,0
2015-12-10,167.48,169.37,167.15,168.17,5871493,0
2015-12-11,166.04,166.71,164.88,165.15,9303941,0
2015-12-14,165.39,166.31,164.01,166.27,12879332,0
2015-12-15,167.21,168.7,167.21,167.76,8408753,0
2015-12-16,168.68,170.18,167.27,169.83,11804596,0
2015-12-17,170.33,170.37,167.39,167.4,8894469,0
2015-12-18,166.59,166.65,163.79,163.9,10689061,0
2015-12-21,165.1,165.38,163.81,165.07,6747803,0
2015-12-22,165.89,166.99,165,166.75,6263809,0
2015-12-23,167.93,168.49,167.47,168.48,6737264,0
2015-12-24,168.36,168.49,167.89,167.93,1841794,0
2015-12-28,167.2,167.84,166.84,167.69,3059668,0
2015-12-29,168.85,169.85,168.66,169.6,6412902,0
2015-12-30,169.22,169.37,168.32,168.47,3033240,0
2015-12-31,167.8,168.35,166.71,166.73,6024110,0
2016-01-04,163.95,164.18,162.28,164.15,14966041,0
2016-01-05,164.53,164.58,163.09,164.25,9817599,0
2016-01-06,161.87,162.9,161.03,161.89,9090890,0
2016-01-07,159.04,160.96,157.62,158.08,16051305,0
2016-01-08,159.04,159.45,156.2,156.44,13050585,0
2016-01-11,157.32,157.64,155.39,157,12890684,0
2016-01-12,158.31,158.86,156.25,158.07,10688101,0
2016-01-13,158.63,158.92,154.35,154.62,17059327,0
2016-01-14,155.27,157.83,153.91,156.73,15356061,0
2016-01-15,152.73,153.95,151.73,153.09,20825430,0
2016-01-19,154.8,154.96,152.3,153.4,10673051,0
2016-01-20,150.77,152.36,147.99,151.11,17124491,0
2016-01-21,151.31,153.67,150.43,152.09,17485143,0
2016-01-22,154.28,154.59,153.06,154.16,7707212,0
2016-01-25,153.79,154.09,152.16,152.19,6024972,0
2016-01-26,152.95,155.06,152.94,154.89,6199717,0
2016-01-27,153.95,155.56,152.1,152.77,10534432,0
2016-01-28,154.05,154.27,151.96,153.89,8976198,0
2016-01-29,154.95,157.66,154.68,157.6,6446087,0
2016-02-01,156.65,158.18,156.11,157.57,7275408,0
2016-02-02,155.99,155.99,154.31,154.76,8238614,0
2016-02-03,155.74,157.01,152.93,156.49,14853122,0
2016-02-04,156.11,158.01,155.87,157.39,12217329,0
2016-02-05,157.13,157.27,154.57,155.28,8647995,0
2016-02-08,153.49,154.18,151.55,153.73,13945600,0
2016-02-09,152.03,154.81,152,153.62,11936816,0
2016-02-10,154.34,155.63,152.7,152.85,8544012,0
2016-02-11,150.35,151.52,148.87,150.33,15432275,0
2016-02-12,151.66,153.36,151.16,153.36,7375005,0
2016-02-16,155.1,155.62,153.99,155.53,5681320,0
2016-02-17,156.69,158.46,156.61,158.14,5822443,0
2016-02-18,158.52,158.63,157.53,157.75,5393758,0
2016-02-19,157.05,157.65,156.49,157.55,4842505,0
2016-02-22,159.14,160.21,158.92,159.71,3584811,0
2016-02-23,159.39,159.53,157.68,157.97,6285079,0
2016-02-24,156.5,158.69,155.4,158.49,8311950,0
2016-02-25,158.82,160.59,158.22,160.59,5466701,0
2016-02-26,161.52,161.63,159.88,160.03,3944228,0
2016-02-29,159.91,160.95,158.75,158.75,3613859,0
2016-03-01,159.78,162.24,159.48,162.17,4060629,0
2016-03-02,161.69,162.58,161.28,162.54,3225370,0
2016-03-03,162.38,163.03,161.79,162.99,3083017,0
2016-03-04,163.17,164.14,162.57,163.65,3662426,0
2016-03-07,163.01,164.5,162.95,164.21,3358277,0
2016-03-08,163.43,164.35,162.87,163.26,2939639,0
2016-03-09,164.03,164.18,163.18,163.65,3721337,0
2016-03-10,164.26,164.95,161.97,163.68,5055753,0
2016-03-11,165.02,165.86,164.97,165.75,3816566,0
2016-03-14,165.25,166.39,165.25,165.93,2762117,0
2016-03-15,165.16,166.18,164.88,166.15,2526077,0
2016-03-16,165.73,167.39,165.7,166.93,3690562,0
2016-03-17,166.92,168.82,166.57,168.38,4228225,0
2016-03-18,169.05,169.68,168.83,169.46,5299526,0
2016-03-21,169.4,169.94,169.03,169.74,2990188,0
2016-03-22,169.08,169.99,168.93,169.47,4125990,0
2016-03-23,169,169.33,168.4,168.6,5221858,0
2016-03-24,167.67,168.73,167.52,168.73,5291256,0
2016-03-28,168.91,169.37,168.46,168.9,3211900,0
2016-03-29,168.3,169.91,167.88,169.8,5784700,0
2016-03-30,170.83,171.36,170.23,170.61,3999700,0
2016-03-31,170.65,171.02,170.15,170.36,3271074,0
2016-04-01,169.48,171.56,169.19,171.43,4175009,0
2016-04-04,171.34,171.59,170.6,170.84,2397517,0
2016-04-05,169.81,170.68,169.35,169.57,5639180,0
2016-04-06,169.61,170.81,169.02,170.76,4235703,0
2016-04-07,169.53,169.96,168.47,169.07,5443679,0
2016-04-08,169.98,170.53,168.89,169.43,2659858,0
2016-04-11,169.85,170.89,169.19,169.22,3356160,0
2016-04-12,169.5,171,169.14,170.81,3719887,0
2016-04-13,171.71,172.67,171.63,172.57,5597839,0
2016-04-14,172.68,173.13,172.4,172.76,3824796,0
2016-04-15,172.77,172.91,172.21,172.46,3936819,0
2016-04-18,171.95,173.57,171.92,173.52,2653885,0
2016-04-19,173.86,174.49,173.35,174.04,3095226,0
2016-04-20,173.73,175.1,173.73,174.47,2720795,0
2016-04-21,174.36,174.58,173.18,173.44,2859234,0
2016-04-22,173.37,173.8,172.65,173.63,2497098,0
2016-04-25,172.99,173.35,172.13,173.3,2574050,0
2016-04-26,173.58,173.98,172.88,173.38,2319132,0
2016-04-27,172.89,174.37,172.77,173.97,3692072,0
2016-04-28,172.84,173.87,171.58,172.02,3671490,0
2016-04-29,171.24,171.79,170.14,171.43,5692528,0
2016-05-02,171.9,172.69,171.35,172.48,2550878,0
2016-05-03,171.32,171.67,170.33,171.14,4809743,0
2016-05-04,170.23,171.06,169.76,170.18,3570165,0
2016-05-05,170.68,171.07,169.86,170.29,1841376,0
2016-05-06,169.57,171.24,169.56,171.18,3046848,0
2016-05-09,171.09,171.6,170.47,170.83,1988834,0
2016-05-10,171.56,173.03,171.48,172.97,2963614,0
2016-05-11,172.48,172.72,171.1,171.18,2793376,0
2016-05-12,171.65,171.94,170.25,171.26,2625608,0
2016-05-13,170.75,171.36,169.17,169.39,3456639,0
2016-05-16,169.57,171.54,169.48,171.1,2479578,0
2016-05-17,170.76,171.09,168.84,169.46,3469615,0
2016-05-18,168.99,170.58,168.46,169.52,4245572,0
2016-05-19,168.87,169.11,167.62,168.6,5273014,0
2016-05-20,169.24,170.01,169.03,169.28,2838390,0
2016-05-23,169.36,169.81,169.12,169.3,1783993,0
2016-05-24,170.23,171.69,170.12,171.32,2886781,0
2016-05-25,171.94,173.13,171.89,172.69,2813030,0
2016-05-26,172.89,173.08,172.24,172.49,2336518,0
2016-05-27,172.63,172.99,172.47,172.9,1680995,0
2016-05-31,173.37,173.37,171.59,172.12,2471286,0
2016-06-01,171.44,172.39,171.02,172.15,2561564,0
2016-06-02,171.76,172.72,171.44,172.69,2028685,0
2016-06-03,172.29,172.7,171.29,172.47,4508734,0
2016-06-06,172.89,173.81,172.82,173.55,2808479,0
2016-06-07,173.81,174.34,173.7,173.73,1622941,0
2016-06-08,174.02,174.53,173.89,174.41,1768619,0
2016-06-09,173.73,174.39,173.51,174.23,2211068,0
2016-06-10,173.09,173.6,172.52,173.1,4254734,0
2016-06-13,172.41,173.38,171.82,171.82,5275399,0
2016-06-14,171.46,171.87,170.47,171.27,3761292,0
2016-06-15,171.71,172.26,170.85,171.04,2550177,0
2016-06-16,170.2,172.09,169.32,171.9,5753408,0
2016-06-17,171.95,171.95,170.59,171.26,2676776,0
2016-06-20,173.15,173.94,172.53,172.57,3048141,0
2016-06-21,172.88,173.28,172.5,172.83,1910628,0
2016-06-22,172.99,173.67,172.21,172.35,3048928,0
2016-06-23,173.73,174.53,173.4,174.53,3012605,0
2016-06-24,169.42,171.49,168.2,168.5,11721064,0
2016-06-27,167.39,167.39,165.35,166.15,7919871,0
2016-06-28,167.76,168.74,167.11,168.7,5813020,0
2016-06-29,169.99,171.63,169.83,171.45,5746365,0
2016-06-30,171.86,173.79,171.67,173.72,5213778,0
2016-07-01,173.51,174.51,173.51,174.02,4117918,0
2016-07-05,173.33,173.41,172.43,172.97,3330288,0
2016-07-06,172.38,173.81,171.77,173.7,5559075,0
2016-07-07,173.86,174.43,172.81,173.52,2408286,0
2016-07-08,174.7,176.19,174.67,175.93,5333541,0
2016-07-11,176.49,177.34,176.41,176.74,2430059,0
2016-07-12,177.63,178.2,177.4,177.98,3222470,0
2016-07-13,178.26,178.38,177.67,178.14,2462732,0
2016-07-14,179.62,179.82,179.13,179.52,3454397,0
2016-07-15,180.03,180.17,179.15,179.57,3949612,0
2016-07-18,179.52,180.06,179.4,179.76,2197482,0
2016-07-19,179.69,180.1,179.51,180.1,2103742,0
2016-07-20,180.56,180.72,180.07,180.44,2215911,0
2016-07-21,180.2,180.39,179.24,179.66,2919949,0
2016-07-22,179.68,180.23,179.45,180.17,3169402,0
2016-07-25,179.95,179.98,179.07,179.5,2385139,0
2016-07-26,179.31,179.7,178.41,179.3,4884296,0
2016-07-27,179.82,179.96,178.81,179.28,4268892,0
2016-07-28,178.98,179.35,178.23,179.08,2983217,0
2016-07-29,178.56,179.2,178.25,178.83,4327474,0
2016-08-01,179.05,179.22,178.09,178.58,3391473,0
2016-08-02,178.41,178.59,177.06,177.72,5291304,0
2016-08-03,177.6,178.14,177.46,178.09,3096541,0
2016-08-04,178.21,178.6,177.88,178.16,2438410,0
2016-08-05,179.1,179.96,178.14,179.94,4311135,0
2016-08-08,180.17,180.36,179.7,179.96,2137841,0
2016-08-09,180.06,180.52,179.74,180.03,1960121,0
2016-08-10,180.08,180.44,179.53,179.8,1666303,0
2016-08-11,180.36,181.22,180.26,180.94,2253414,0
2016-08-12,180.78,180.89,180.18,180.56,2589219,0
2016-08-15,181.04,181.52,180.97,181.16,1607734,0
2016-08-16,180.81,181.01,180.38,180.42,1661364,0
2016-08-17,180.43,180.87,179.77,180.72,3039467,0
2016-08-18,180.63,181.05,180.38,180.98,2647195,0
2016-08-19,180.61,180.94,180.05,180.63,2426932,0
2016-08-22,180.26,180.81,179.79,180.43,3234341,0
2016-08-23,181,181.43,180.56,180.61,1690951,0
2016-08-24,180.37,180.51,179.63,179.99,1931814,0
2016-08-25,179.62,180.11,179.44,179.71,2087878,0
2016-08-26,179.95,180.84,178.5,179.17,3491390,0
2016-08-29,179.18,180.35,179.18,180.15,2282568,0
2016-08-30,180.24,180.46,179.36,179.84,1914951,0
2016-08-31,179.59,179.69,178.63,179.3,1924681,0
2016-09-01,179.08,179.62,178.26,179.44,3081915,0
2016-09-02,180.25,180.72,179.65,180.17,2721649,0
2016-09-06,180.42,180.79,179.78,180.66,2208262,0
2016-09-07,180.68,180.71,180.11,180.63,1850448,0
2016-09-08,180.01,180.42,179.81,180.14,2287364,0
2016-09-09,178.92,179.1,176.31,176.31,8451280,0
2016-09-12,175.52,178.99,175.36,178.66,7237582,0
2016-09-13,177.45,177.71,175.79,176.2,7671383,0
2016-09-14,176.24,177.13,175.44,175.84,3065524,0
2016-09-15,175.78,177.99,175.66,177.65,4089138,0
2016-09-16,177.24,177.24,176.19,176.72,2912243,0
2016-09-19,177.62,178.04,176.42,176.72,2313650,0
2016-09-20,177.55,177.78,176.77,176.79,2044980,0
2016-09-21,177.4,178.56,176.71,178.38,4603042,0
2016-09-22,179.36,179.95,179.03,179.36,2378872,0
2016-09-23,179.12,179.23,178.01,178.14,1524145,0
2016-09-26,177.25,177.29,176.33,176.5,2701873,0
2016-09-27,176.33,177.86,175.99,177.74,3802938,0
2016-09-28,178.08,178.94,177.26,178.81,6565659,0
2016-09-29,178.54,179.13,176.4,176.96,3457194,0
2016-09-30,177.86,179.14,177.71,178.5,4692264,0
2016-10-03,178.03,178.29,177.52,178.04,2035428,0
2016-10-04,178.34,178.65,176.69,177.22,2876350,0
2016-10-05,177.88,178.74,177.84,178.38,1860850,0
2016-10-06,178.06,178.46,177.21,178.24,2416466,0
2016-10-07,178.52,178.71,177.06,177.94,2585225,0
2016-10-10,178.91,179.55,178.76,178.83,1923593,0
2016-10-11,178.58,178.61,176.2,176.94,4044238,0
2016-10-12,176.74,177.54,176.41,177.11,1963081,0
2016-10-13,175.89,176.96,175.22,176.59,3541451,0
2016-10-14,177.74,178.18,176.95,177.03,2761327,0
2016-10-17,176.91,177.25,176.2,176.47,1843180,0
2016-10-18,177.68,177.83,176.86,177.11,1759911,0
2016-10-19,177.59,178.13,177.31,177.74,1539247,0
2016-10-20,177.46,178.17,176.96,177.28,2415219,0
2016-10-21,176.53,177.37,176.16,177.14,5735569,0
2016-10-24,178.26,178.4,177.57,177.86,1947725,0
2016-10-25,177.74,178.07,177.17,177.4,3424481,0
2016-10-26,176.53,178.02,176.28,177.69,5497060,0
2016-10-27,178.2,178.25,177.15,177.45,2065908,0
2016-10-28,177.74,178.22,176.6,177.28,3812205,0
2016-10-31,177.5,177.62,176.97,177.09,1447120,0
2016-11-01,177.44,177.44,175.11,176.05,3705442,0
2016-11-02,175.62,176.14,175.02,175.32,3625329,0
2016-11-03,175.66,175.83,174.81,175.08,2012081,0
2016-11-04,175.08,175.63,174.62,174.69,4436823,0
2016-11-07,177.09,178.35,176.97,178.26,3472992,0
2016-11-08,178.1,179.91,177.92,179.27,3510509,0
2016-11-09,177.84,182.37,177.67,181.8,8533931,0
2016-11-10,182.64,184.59,182.18,183.91,8939772,0
2016-11-11,183.73,184.4,183.21,184.24,5118416,0
2016-11-14,184.87,185.15,183.98,184.54,4906618,0
2016-11-15,184.53,185.11,183.92,185.1,3836167,0
2016-11-16,184.56,184.94,184.3,184.74,3536896,0
2016-11-17,184.85,185.09,184.51,185.06,4304655,0
2016-11-18,185.19,185.25,184.62,184.75,4445046,0
2016-11-21,185.17,185.68,184.89,185.61,3054768,0
2016-11-22,186.17,186.49,185.68,186.27,2809683,0
2016-11-23,186.18,186.85,186.12,186.81,2515229,0
2016-11-25,187.3,187.55,187.19,187.51,1578200,0
2016-11-28,187.14,187.42,186.75,186.99,3218696,0
2016-11-29,187.04,187.63,186.89,187.4,2309249,0
2016-11-30,188.18,188.46,187.55,187.61,4868356,0
2016-12-01,188.05,188.37,187.78,188.11,8489363,0
2016-12-02,188.12,188.19,187.64,187.95,2828501,0
2016-12-05,188.69,188.99,188.1,188.43,2981667,0
2016-12-06,188.37,188.78,188.08,188.7,2721750,0
2016-12-07,188.68,191.83,188.63,191.62,7369913,0
2016-12-08,191.97,192.93,191.55,192.42,7171506,0
2016-12-09,192.57,193.83,192.5,193.81,4474424,0
2016-12-12,193.95,194.49,193.8,194.18,3866048,0
2016-12-13,195.05,195.79,194.74,195.3,5462952,0
2016-12-14,195.06,195.88,193.73,194.24,7598394,0
2016-12-15,194.64,195.75,194.44,194.76,6129944,0
2016-12-16,195.2,195.46,194.47,194.72,4545907,0
2016-12-19,194.82,195.4,194.74,195.12,2777215,0
2016-12-20,195.66,196.1,195.56,195.91,3115575,0
2016-12-21,195.92,196.1,195.64,195.66,2567098,0
2016-12-22,195.6,195.67,195.09,195.47,2290462,0
2016-12-23,195.46,195.56,195.23,195.55,1397807,0
2016-12-27,195.66,196.03,195.63,195.71,2382461,0
2016-12-28,196.01,196.05,194.53,194.61,3884445,0
2016-12-29,194.52,195.04,194.17,194.52,3071367,0
2016-12-30,194.78,194.8,193.48,194.05,4353883,0
2017-01-03,195.41,195.6,194.02,194.94,6786883,0
2017-01-04,195.26,195.85,195.12,195.65,4908074,0
2017-01-05,195.45,195.76,194.42,195.25,4197572,0
2017-01-06,195.23,196.31,194.7,196,4396644,0
2017-01-09,195.59,195.77,195.25,195.26,2342957,0
2017-01-10,195.22,195.9,194.74,194.92,3075092,0
2017-01-11,195.14,196.06,194.68,195.83,5301131,0
2017-01-12,195.38,195.41,194.07,195.25,3934019,0
2017-01-13,195.41,195.84,194.84,195.2,3530818,0
2017-01-17,194.8,195.16,194.12,194.62,3388744,0
2017-01-18,194.61,194.76,193.84,194.48,4717695,0
2017-01-19,194.56,194.69,193.25,193.82,3097496,0
2017-01-20,194.25,194.91,194.04,194.68,7116000,0
2017-01-23,194.58,194.82,193.78,194.5,3301269,0
2017-01-24,194.51,195.91,194.34,195.53,5291990,0
2017-01-25,196.69,197.22,196.43,197.09,4959335,0
2017-01-26,197.27,197.63,197.09,197.39,4061069,0
2017-01-27,197.36,197.53,197.12,197.3,3636715,0
2017-01-30,196.51,196.58,195.13,196.07,4794324,0
2017-01-31,195.41,195.58,194.28,195.07,4705688,0
2017-02-01,195.82,196.09,194.91,195.32,3726189,0
2017-02-02,194.87,195.66,194.74,195.3,2684035,0
2017-02-03,196.27,197.24,196.13,197.05,4939327,0
2017-02-06,196.71,197.37,196.46,196.95,2817206,0
2017-02-07,197.55,197.96,197.1,197.25,2647375,0
2017-02-08,197.17,197.36,196.83,197.18,2326774,0
2017-02-09,197.48,198.76,197.43,198.37,3539860,0
2017-02-10,198.95,199.64,198.72,199.38,2928802,0
2017-02-13,199.95,201.07,199.95,200.81,2672617,0
2017-02-14,200.67,201.76,200.55,201.75,3646749,0
2017-02-15,201.97,203.06,201.87,202.95,3706327,0
2017-02-16,203.12,203.29,202.42,203.05,4662104,0
2017-02-17,202.17,203.05,202.16,203.01,5828364,0
2017-02-21,203.68,204.42,203.55,204.19,3120068,0
2017-02-22,203.85,204.65,203.76,204.57,2284503,0
2017-02-23,205.16,205.25,204.33,204.92,3214085,0
2017-02-24,204.2,205.05,204.19,205.03,3756197,0
2017-02-27,204.84,205.47,204.73,205.39,3481455,0
2017-02-28,205.21,205.41,204.8,205.08,2854517,0
2017-03-01,207,208.65,206.96,208.08,7955708,0
2017-03-02,208.25,208.25,206.92,206.97,3382351,0
2017-03-03,207.12,207.38,206.49,206.99,2625285,0
2017-03-06,206.35,206.85,206.12,206.56,2558674,0
2017-03-07,206.3,206.74,206.08,206.27,2774859,0
2017-03-08,206.66,206.69,205.53,205.71,3215585,0
2017-03-09,205.84,206.19,204.97,205.77,4486421,0
2017-03-10,206.77,206.78,205.46,206.25,3045712,0
2017-03-13,206.23,206.43,205.69,206.04,2293581,0
2017-03-14,205.67,205.98,205.08,205.64,4495550,0
2017-03-15,205.93,206.99,205.81,206.66,5817973,0
2017-03-16,207.23,207.23,206.15,206.52,3061001,0
2017-03-17,207.02,207.02,206.33,206.36,2907068,0
2017-03-20,206.35,206.76,206.07,206.31,3348240,0
2017-03-21,206.82,206.92,203.77,203.87,6266708,0
2017-03-22,203.49,204.09,203.03,203.93,3944757,0
2017-03-23,203.56,204.82,203.44,203.83,3885824,0
2017-03-24,204.1,204.42,202.53,203.28,4101627,0
2017-03-27,201.72,203.03,201.37,202.76,4613782,0
2017-03-28,202.61,204.59,202.44,204.27,3579968,0
2017-03-29,204.05,204.08,203.47,203.83,2351562,0
2017-03-30,203.82,204.78,203.67,204.48,2883810,0
2017-03-31,204.24,204.45,203.82,203.86,4229843,0
2017-04-03,204.04,204.15,202.41,203.77,4489965,0
2017-04-04,203.55,204.29,203.34,204.17,2585243,0
2017-04-05,205.1,206.16,203.68,203.78,4159080,0
2017-04-06,203.97,204.81,203.45,203.97,3225029,0
2017-04-07,203.71,204.59,203.42,203.9,2640934,0
2017-04-10,204.01,204.83,203.48,203.91,2424095,0
2017-04-11,203.74,203.94,202.47,203.85,3554110,0
2017-04-12,203.82,203.82,202.88,203.2,2197595,0
2017-04-13,202.87,203.47,201.9,201.91,3647792,0
2017-04-17,202.46,203.78,202.39,203.69,2273577,0
2017-04-18,202.89,203.34,201.96,202.61,2525164,0
2017-04-19,202.79,202.83,201.2,201.4,3649397,0
2017-04-20,201.89,203.73,201.71,203.23,3917160,0
2017-04-21,203.22,203.43,202.48,202.96,3064464,0
2017-04-24,205.02,205.32,204.73,205.07,3255662,0
2017-04-25,206.63,207.64,206.52,207.34,3516563,0
2017-04-26,207.47,208.09,207.1,207.13,2895560,0
2017-04-27,207.39,207.43,206.74,207.22,1969512,0
2017-04-28,207.29,207.29,206.65,206.76,1955765,0
2017-05-01,207.15,207.15,206.39,206.6,1906694,0
2017-05-02,206.78,206.98,206.44,206.81,1368678,0
2017-05-03,206.55,207.13,206.16,206.9,1846592,0
2017-05-04,207.31,207.31,205.89,206.87,2669742,0
2017-05-05,206.75,207.44,206.44,207.43,1692609,0
2017-05-08,207.36,207.68,207.19,207.58,2336721,0
2017-05-09,207.8,207.98,206.9,207.28,1586933,0
2017-05-10,206.87,207.47,206.58,207.14,1409322,0
2017-05-11,206.82,207.11,205.79,206.96,3126778,0
2017-05-12,206.65,206.96,206.5,206.69,1593141,0
2017-05-15,207.06,207.79,207.06,207.59,1838133,0
2017-05-16,207.98,208.12,207.12,207.61,1754350,0
2017-05-17,205.81,206.28,204.07,204.17,5777707,0
2017-05-18,203.73,205.65,203.56,204.66,6728645,0
2017-05-19,205.05,206.6,204.88,206.07,4929261,0
2017-05-22,206.61,207.15,206.61,206.94,2262633,0
2017-05-23,207.38,207.63,206.98,207.4,3486143,0
2017-05-24,207.6,208.24,207.36,208.1,3510366,0
2017-05-25,208.8,209.2,208.58,208.86,2216439,0
2017-05-26,208.82,209,208.6,208.82,1159812,0
2017-05-30,208.49,208.8,208.25,208.49,1074795,0
2017-05-31,208.69,208.69,207.6,208.28,1590489,0
2017-06-01,208.55,209.67,208.19,209.67,1840328,0
2017-06-02,209.72,210.47,209.55,210.18,2332454,0
2017-06-05,210.13,210.46,209.91,210.13,1938908,0
2017-06-06,209.61,210.05,209.45,209.64,2112318,0
2017-06-07,209.96,210.19,209.42,209.99,1558671,0
2017-06-08,209.89,210.95,209.66,210.13,2044469,0
2017-06-09,210.41,211.32,209.86,210.92,4306347,0
2017-06-12,210.71,211.03,210.15,210.65,3712154,0
2017-06-13,211.05,211.64,211,211.62,2446914,0
2017-06-14,212.03,212.24,211.23,212.09,5466332,0
2017-06-15,211.14,212.05,211,211.94,2592987,0
2017-06-16,211.97,212.21,211.46,212.19,2386971,0
2017-06-19,212.99,213.64,212.71,213.55,2116114,0
2017-06-20,213.52,213.7,213,213.03,1773432,0
2017-06-21,213.28,213.3,212.27,212.52,2143060,0
2017-06-22,212.71,212.92,212.29,212.36,2714239,0
2017-06-23,212.08,212.58,211.71,212.37,1355461,0
2017-06-26,212.92,213.39,212.17,212.5,1952430,0
2017-06-27,212.34,212.76,211.51,211.57,1992621,0
2017-06-28,212.21,213.16,212.21,212.87,4723539,0
2017-06-29,213.15,213.18,210.35,211.25,4391635,0
2017-06-30,211.79,212.62,211.61,211.88,2228028,0
2017-07-03,212.58,214.01,212.51,213.12,2148736,0
2017-07-05,213.37,213.46,212.46,213.21,1810692,0
2017-07-06,212.72,212.88,211.58,211.78,2313522,0
2017-07-07,212.18,212.79,212.06,212.68,1334120,0
2017-07-10,212.31,212.98,212.18,212.62,1163882,0
2017-07-11,212.54,212.93,211.32,212.61,1587744,0
2017-07-12,213.61,214.33,213.52,213.86,2116814,0
2017-07-13,213.93,214.19,213.63,214.09,1597174,0
2017-07-14,213.93,215.29,213.74,214.87,2410298,0
2017-07-17,214.93,215.1,214.65,214.83,2305748,0
2017-07-18,214.29,214.44,213.26,214.33,2261861,0
2017-07-19,214.51,214.95,214.29,214.93,1797353,0
2017-07-20,215.18,215.19,214.34,214.8,1377251,0
2017-07-21,214.06,214.42,213.63,214.4,2235481,0
2017-07-24,214.38,214.38,213.55,213.96,1467084,0
2017-07-25,215.35,215.37,214.36,214.71,1934167,0
2017-07-26,215.66,216.01,215.41,215.66,2051685,0
2017-07-27,216.13,216.6,215.48,216.57,3218880,0
2017-07-28,216.38,217.01,216.15,216.87,2316446,0
2017-07-31,217.5,217.88,217.34,217.55,1764215,0
2017-08-01,218.59,218.65,218,218.22,2315647,0
2017-08-02,218.68,218.97,218.29,218.73,3079045,0
2017-08-03,218.77,219.07,218.57,218.9,2508605,0
2017-08-04,219.42,219.5,218.87,219.4,1886557,0
2017-08-07,219.58,219.81,219.43,219.68,1903130,0
2017-08-08,219.63,220.51,219.28,219.52,3633588,0
2017-08-09,219.17,219.44,218.8,219.33,3572308,0
2017-08-10,218.66,218.74,217.4,217.45,7870358,0
2017-08-11,217.61,218.07,217.37,217.55,4968627,0
2017-08-14,218.72,219.13,218.66,218.81,2618573,0
2017-08-15,219.41,219.41,218.71,219,1845031,0
2017-08-16,219.53,219.93,219.12,219.3,2488376,0
2017-08-17,218.84,218.91,216.62,216.66,3552167,0
2017-08-18,216.37,217.04,215.53,215.91,4481257,0
2017-08-21,215.84,216.3,215.11,216.12,3476856,0
2017-08-22,216.79,218.23,216.68,218.07,2429453,0
2017-08-23,217.39,217.84,217.22,217.3,3669233,0
2017-08-24,217.93,217.93,216.84,217.04,1939819,0
2017-08-25,217.64,218.31,217.38,217.42,2379330,0
2017-08-28,217.88,217.96,216.91,217.32,1408870,0
2017-08-29,216.06,218.14,216,217.97,2018172,0
2017-08-30,218.13,218.54,217.77,218.31,1808719,0
2017-08-31,218.91,219.27,218.5,218.9,2161904,0
2017-09-01,219.5,219.78,219.21,219.29,2155992,0
2017-09-05,218.91,218.91,216.56,217.05,3838163,0
2017-09-06,217.92,218,217.42,217.63,1920369,0
2017-09-07,217.85,218.1,217.06,217.49,1988319,0
2017-09-08,216.99,218.04,216.9,217.62,2141859,0
2017-09-11,218.96,220.26,218.96,220.13,2575430,0
2017-09-12,220.7,220.94,220.44,220.79,2078886,0
2017-09-13,220.72,221.16,220.57,221.13,1725699,0
2017-09-14,221.02,221.8,220.99,221.69,1897628,0
2017-09-15,221.96,222.4,221.74,222.28,2374149,0
2017-09-18,222.75,223.21,222.5,222.99,1828676,0
2017-09-19,223.2,223.5,223.06,223.41,2044374,0
2017-09-20,223.4,223.78,222.78,223.73,1821058,0
2017-09-21,223.73,223.8,223.22,223.3,1742504,0
2017-09-22,223.05,223.29,222.65,223.03,2450163,0
2017-09-25,222.94,223.26,221.82,222.65,2846309,0
2017-09-26,222.89,223.33,222.45,222.52,1314492,0
2017-09-27,223.23,223.35,222.18,222.95,2379028,0
2017-09-28,222.8,223.6,222.53,223.43,1463963,0
2017-09-29,223.22,223.7,222.96,223.65,2416990,0
2017-10-02,224.02,225.21,223.85,225.06,2608604,0
2017-10-03,225.56,226.1,225.43,226.06,2507369,0
2017-10-04,226.21,226.5,226,226.23,1748351,0
2017-10-05,226.43,227.48,226.27,227.46,2219783,0
2017-10-06,227.16,227.45,227.05,227.37,2091023,0
2017-10-09,227.71,227.78,227.16,227.35,1005764,0
2017-10-10,228.03,228.08,227.46,228.08,1417066,0
2017-10-11,228.14,228.46,227.99,228.43,1420623,0
2017-10-12,228.31,228.63,227.97,228.15,1301721,0
2017-10-13,228.53,228.79,228.33,228.55,1744757,0
2017-10-16,228.89,229.35,228.63,229.27,2373524,0
2017-10-17,229.53,229.78,229.34,229.67,1835748,0
2017-10-18,230.82,231.5,230.73,231.28,2753891,0
2017-10-19,230.66,231.48,230.34,231.47,2271822,0
2017-10-20,232.47,233.13,231.89,233.13,3272117,0
2017-10-23,233.58,233.58,232.61,232.65,2316994,0
2017-10-24,234.12,234.7,233.96,234.29,3294873,0
2017-10-25,234.45,234.45,232.35,233.16,3807333,0
2017-10-26,233.91,234.42,233.75,233.85,2573587,0
2017-10-27,233.95,234.33,233.36,234.17,2943715,0
2017-10-30,233.51,234.14,233.15,233.33,2672174,0
2017-10-31,233.64,233.91,233.2,233.63,1771630,0
2017-11-01,234.6,235.02,233.73,234.19,2674195,0
2017-11-02,234.21,235.17,233.32,234.96,2457952,0
2017-11-03,235.36,235.39,234.64,235.18,2574400,0
2017-11-06,235.23,235.59,235.09,235.41,2548520,0
2017-11-07,235.7,235.88,234.69,235.42,2383187,0
2017-11-08,235.37,235.61,234.97,235.46,1527871,0
2017-11-09,234.49,235.28,233.16,234.72,4218990,0
2017-11-10,234.45,234.67,234.1,234.43,2507020,0
