Date;Open;High;Low;Close
2010-01-04;1116.56;1133.87;1116.56;1132.99
2010-01-05;1132.66;1136.63;1129.66;1136.52
2010-01-06;1135.71;1139.19;1133.95;1137.14
2010-01-07;1136.27;1142.46;1131.32;1141.69
2010-01-08;1140.52;1145.39;1136.22;1144.98
2010-01-11;1145.96;1149.74;1142.02;1146.98
2010-01-12;1143.81;1143.81;1131.77;1136.22
2010-01-13;1137.31;1148.40;1133.18;1145.68
2010-01-14;1145.68;1150.41;1143.80;1148.46
2010-01-15;1147.72;1147.77;1131.39;1136.03
2010-01-19;1136.03;1150.45;1135.77;1150.23
2010-01-20;1147.95;1147.95;1129.25;1138.04
2010-01-21;1138.68;1141.58;1114.84;1116.48
2010-01-22;1115.49;1115.49;1090.18;1091.76
2010-01-25;1092.40;1102.97;1092.40;1096.78
2010-01-26;1095.80;1103.69;1089.86;1092.17
2010-01-27;1091.94;1099.51;1083.11;1097.50
2010-01-28;1096.93;1100.22;1078.46;1084.53
2010-01-29;1087.61;1096.45;1071.59;1073.87
2010-02-01;1073.89;1089.38;1073.89;1089.19
2010-02-02;1090.05;1104.73;1087.96;1103.32
2010-02-03;1100.67;1102.72;1093.97;1097.28
2010-02-04;1097.25;1097.25;1062.78;1063.11
2010-02-05;1064.12;1067.13;1044.50;1066.19
2010-02-08;1065.51;1071.20;1056.51;1056.74
2010-02-09;1060.06;1079.28;1060.06;1070.52
2010-02-10;1069.68;1073.67;1059.34;1068.13
2010-02-11;1067.10;1080.04;1060.59;1078.47
2010-02-12;1075.95;1077.81;1062.97;1075.51
2010-02-16;1079.13;1095.67;1079.13;1094.87
2010-02-17;1096.14;1101.03;1094.72;1099.51
2010-02-18;1099.03;1108.24;1097.48;1106.75
2010-02-19;1105.49;1112.42;1100.80;1109.17
2010-02-22;1110.00;1112.29;1105.38;1108.01
2010-02-23;1107.49;1108.58;1092.18;1094.60
2010-02-24;1095.89;1106.42;1095.50;1105.24
2010-02-25;1101.24;1103.50;1086.02;1102.94
2010-02-26;1103.10;1107.24;1097.56;1104.49
2010-03-01;1105.36;1116.11;1105.36;1115.71
2010-03-02;1117.01;1123.46;1116.51;1118.31
2010-03-03;1119.36;1125.64;1116.58;1118.79
2010-03-04;1119.12;1123.73;1116.66;1122.97
2010-03-05;1125.12;1139.38;1125.12;1138.70
2010-03-08;1138.40;1141.05;1136.77;1138.50
2010-03-09;1137.56;1145.37;1134.90;1140.45
2010-03-10;1140.22;1148.26;1140.09;1145.61
2010-03-11;1143.96;1150.24;1138.99;1150.24
2010-03-12;1151.71;1153.41;1146.97;1149.99
2010-03-15;1148.53;1150.98;1141.45;1150.51
2010-03-16;1150.83;1160.28;1150.35;1159.46
2010-03-17;1159.94;1169.84;1159.94;1166.21
2010-03-18;1166.13;1167.77;1161.16;1165.83
2010-03-19;1166.68;1169.20;1155.33;1159.90
2010-03-22;1157.25;1167.82;1152.88;1165.81
2010-03-23;1166.47;1174.72;1163.83;1174.17
2010-03-24;1172.70;1173.04;1166.01;1167.72
2010-03-25;1170.03;1180.69;1165.09;1165.73
2010-03-26;1167.58;1173.93;1161.48;1166.59
2010-03-29;1167.71;1174.85;1167.71;1173.22
2010-03-30;1173.75;1177.83;1168.92;1173.27
2010-03-31;1171.75;1174.56;1165.77;1169.43
2010-04-01;1171.23;1181.43;1170.69;1178.10
2010-04-05;1178.71;1187.73;1178.71;1187.44
2010-04-06;1186.01;1191.80;1182.77;1189.44
2010-04-07;1188.23;1189.60;1177.25;1182.45
2010-04-08;1181.75;1188.55;1175.12;1186.44
2010-04-09;1187.47;1194.66;1187.15;1194.37
2010-04-12;1194.94;1199.20;1194.71;1196.48
2010-04-13;1195.94;1199.04;1188.82;1197.30
2010-04-14;1198.69;1210.65;1198.69;1210.65
2010-04-15;1210.77;1213.92;1208.50;1211.67
2010-04-16;1210.17;1210.17;1186.77;1192.13
2010-04-19;1192.06;1197.87;1183.68;1197.52
2010-04-20;1199.04;1208.58;1199.04;1207.17
2010-04-21;1207.16;1210.99;1198.85;1205.94
2010-04-22;1202.52;1210.27;1190.19;1208.67
2010-04-23;1207.87;1217.28;1205.10;1217.28
2010-04-26;1217.07;1219.80;1211.07;1212.05
2010-04-27;1209.92;1211.38;1181.62;1183.71
2010-04-28;1184.59;1195.05;1181.81;1191.36
2010-04-29;1193.30;1209.36;1193.30;1206.78
2010-04-30;1206.77;1207.99;1186.32;1186.69
2010-05-03;1188.58;1205.13;1188.58;1202.26
2010-05-04;1197.50;1197.50;1168.12;1173.60
2010-05-05;1169.24;1175.95;1158.15;1165.87
2010-05-06;1164.38;1167.58;1065.79;1128.15
2010-05-07;1127.04;1135.13;1094.15;1110.88
2010-05-10;1122.27;1163.85;1122.27;1159.73
2010-05-11;1156.39;1170.48;1147.71;1155.79
2010-05-12;1155.43;1172.87;1155.43;1171.67
2010-05-13;1170.04;1173.57;1156.14;1157.44
2010-05-14;1157.19;1157.19;1126.14;1135.68
2010-05-17;1136.52;1141.88;1114.96;1136.94
2010-05-18;1138.78;1148.66;1117.20;1120.80
2010-05-19;1119.57;1124.27;1100.66;1115.05
2010-05-20;1107.34;1107.34;1071.58;1071.59
2010-05-21;1067.26;1090.16;1055.90;1087.69
2010-05-24;1084.78;1089.95;1072.70;1073.65
2010-05-25;1067.42;1074.75;1040.78;1074.03
2010-05-26;1075.51;1090.75;1065.59;1067.95
2010-05-27;1074.27;1103.52;1074.27;1103.06
2010-05-28;1102.59;1102.59;1084.78;1089.41
2010-06-01;1087.30;1094.77;1069.89;1070.71
2010-06-02;1073.01;1098.56;1072.03;1098.38
2010-06-03;1098.82;1105.67;1091.81;1102.83
2010-06-04;1098.43;1098.43;1060.50;1064.88
2010-06-07;1065.84;1071.36;1049.86;1050.47
2010-06-08;1050.81;1063.15;1042.17;1062.00
2010-06-09;1062.75;1077.74;1052.25;1055.69
2010-06-10;1058.77;1087.85;1058.77;1086.84
2010-06-11;1082.65;1092.25;1077.12;1091.60
2010-06-14;1095.00;1105.91;1089.03;1089.63
2010-06-15;1091.21;1115.59;1091.21;1115.23
2010-06-16;1114.02;1118.74;1107.13;1114.61
2010-06-17;1115.98;1117.72;1105.87;1116.04
2010-06-18;1116.16;1121.01;1113.93;1117.51
2010-06-21;1122.79;1131.23;1108.24;1113.20
2010-06-22;1113.90;1118.50;1094.18;1095.31
2010-06-23;1095.57;1099.64;1085.31;1092.04
2010-06-24;1090.93;1090.93;1071.60;1073.69
2010-06-25;1075.10;1083.56;1067.89;1076.76
2010-06-28;1077.50;1082.60;1071.45;1074.57
2010-06-29;1071.10;1071.10;1035.18;1041.24
2010-06-30;1040.56;1048.08;1028.33;1030.71
2010-07-01;1031.10;1033.58;1010.91;1027.37
2010-07-02;1027.65;1032.95;1015.93;1022.58
2010-07-06;1028.09;1042.50;1018.35;1028.06
2010-07-07;1028.54;1060.89;1028.54;1060.27
2010-07-08;1062.92;1071.25;1058.24;1070.25
2010-07-09;1070.50;1078.16;1068.10;1077.96
2010-07-12;1077.23;1080.78;1070.45;1078.75
2010-07-13;1080.65;1099.46;1080.65;1095.34
2010-07-14;1095.61;1099.08;1087.68;1095.17
2010-07-15;1094.46;1098.66;1080.53;1096.48
2010-07-16;1093.85;1093.85;1063.32;1064.88
2010-07-19;1066.85;1074.70;1061.11;1071.25
2010-07-20;1064.53;1083.94;1056.88;1083.48
2010-07-21;1086.67;1088.96;1065.25;1069.59
2010-07-22;1072.14;1097.50;1072.14;1093.67
2010-07-23;1092.17;1103.73;1087.88;1102.66
2010-07-26;1102.89;1115.01;1101.30;1115.01
2010-07-27;1117.36;1120.95;1109.78;1113.84
2010-07-28;1112.84;1114.66;1103.11;1106.13
2010-07-29;1108.07;1115.90;1092.82;1101.53
2010-07-30;1098.44;1106.44;1088.01;1101.60
2010-08-02;1107.53;1127.30;1107.53;1125.86
2010-08-03;1125.34;1125.44;1116.76;1120.46
2010-08-04;1121.06;1128.75;1119.46;1127.24
2010-08-05;1125.78;1126.56;1118.81;1125.81
2010-08-06;1122.07;1123.06;1107.17;1121.64
2010-08-09;1122.80;1129.24;1120.91;1127.79
2010-08-10;1122.92;1127.16;1111.58;1121.06
2010-08-11;1116.89;1116.89;1088.55;1089.47
2010-08-12;1081.48;1086.72;1076.69;1083.61
2010-08-13;1082.22;1086.25;1079.00;1079.25
2010-08-16;1077.49;1082.62;1069.49;1079.38
2010-08-17;1081.16;1100.14;1081.16;1092.54
2010-08-18;1092.08;1099.77;1085.76;1094.16
2010-08-19;1092.44;1092.44;1070.66;1075.63
2010-08-20;1075.63;1075.63;1063.91;1071.69
2010-08-23;1073.36;1081.58;1067.08;1067.36
2010-08-24;1063.20;1063.20;1046.68;1051.87
2010-08-25;1048.98;1059.38;1039.83;1055.33
2010-08-26;1056.28;1061.45;1045.40;1047.22
2010-08-27;1049.27;1065.21;1039.70;1064.59
2010-08-30;1062.90;1064.40;1048.79;1048.92
2010-08-31;1046.88;1055.14;1040.88;1049.33
2010-09-01;1049.72;1081.30;1049.72;1080.29
2010-09-02;1080.66;1090.10;1080.39;1090.10
2010-09-03;1093.61;1105.10;1093.61;1104.51
2010-09-07;1102.60;1102.60;1091.15;1091.84
2010-09-08;1092.36;1103.26;1092.36;1098.87
2010-09-09;1101.15;1110.27;1101.15;1104.18
2010-09-10;1104.57;1110.88;1103.92;1109.55
2010-09-13;1113.38;1123.87;1113.38;1121.90
2010-09-14;1121.16;1127.36;1115.58;1121.10
2010-09-15;1119.43;1126.46;1114.63;1125.07
2010-09-16;1123.89;1125.44;1118.88;1124.66
2010-09-17;1126.39;1131.47;1122.43;1125.59
2010-09-20;1126.57;1144.86;1126.57;1142.71
2010-09-21;1142.82;1148.59;1136.22;1139.78
2010-09-22;1139.49;1144.38;1131.58;1134.28
2010-09-23;1131.10;1136.77;1122.79;1124.83
2010-09-24;1131.69;1148.90;1131.69;1148.67
2010-09-27;1148.64;1149.92;1142.00;1142.16
2010-09-28;1142.31;1150.00;1132.09;1147.70
2010-09-29;1146.75;1148.63;1140.26;1144.73
2010-09-30;1145.97;1157.16;1136.08;1141.20
2010-10-01;1143.49;1150.30;1139.42;1146.24
2010-10-04;1144.96;1148.16;1131.87;1137.03
2010-10-05;1140.68;1162.76;1140.68;1160.75
2010-10-06;1159.81;1162.33;1154.85;1159.97
2010-10-07;1161.57;1163.87;1151.41;1158.06
2010-10-08;1158.36;1167.73;1155.58;1165.15
2010-10-11;1165.32;1168.68;1162.02;1165.32
2010-10-12;1164.28;1172.58;1155.71;1169.77
2010-10-13;1171.32;1184.38;1171.32;1178.10
2010-10-14;1177.82;1178.89;1166.71;1173.81
2010-10-15;1177.47;1181.20;1167.12;1176.19
2010-10-18;1176.83;1185.53;1174.55;1184.71
2010-10-19;1178.64;1178.64;1159.71;1165.90
2010-10-20;1166.74;1182.94;1166.74;1178.17
2010-10-21;1179.82;1189.43;1171.17;1180.26
2010-10-22;1180.52;1183.93;1178.99;1183.08
2010-10-25;1184.74;1196.14;1184.74;1185.62
2010-10-26;1184.88;1187.11;1177.72;1185.64
2010-10-27;1183.84;1183.84;1171.70;1182.45
2010-10-28;1184.47;1189.53;1177.10;1183.78
2010-10-29;1183.87;1185.46;1179.70;1183.26
2010-11-01;1185.71;1195.81;1177.65;1184.38
2010-11-02;1187.86;1195.88;1187.86;1193.57
2010-11-03;1193.79;1198.30;1183.56;1197.96
2010-11-04;1198.34;1221.25;1198.34;1221.06
2010-11-05;1221.20;1227.08;1220.29;1225.85
2010-11-08;1223.24;1224.57;1217.55;1223.25
2010-11-09;1223.59;1226.84;1208.94;1213.40
2010-11-10;1213.14;1218.75;1204.33;1218.71
2010-11-11;1213.04;1215.45;1204.49;1213.54
2010-11-12;1209.07;1210.50;1194.08;1199.21
2010-11-15;1200.44;1207.43;1197.15;1197.75
2010-11-16;1194.79;1194.79;1173.00;1178.34
2010-11-17;1178.33;1183.56;1175.82;1178.59
2010-11-18;1183.75;1200.29;1183.75;1196.69
2010-11-19;1196.12;1199.97;1189.44;1199.73
2010-11-22;1198.07;1198.94;1184.58;1197.84
2010-11-23;1192.51;1192.51;1176.91;1180.73
2010-11-24;1183.70;1198.62;1183.70;1198.35
2010-11-26;1194.16;1194.16;1186.93;1189.40
2010-11-29;1189.08;1190.34;1173.64;1187.76
2010-11-30;1182.96;1187.40;1174.14;1180.55
2010-12-01;1186.60;1207.61;1186.60;1206.07
2010-12-02;1206.81;1221.89;1206.81;1221.53
2010-12-03;1219.93;1225.57;1216.82;1224.71
2010-12-06;1223.87;1225.80;1220.67;1223.12
2010-12-07;1227.25;1235.05;1223.25;1223.75
2010-12-08;1225.02;1228.93;1219.50;1228.28
2010-12-09;1230.14;1234.71;1226.85;1233.00
2010-12-10;1233.85;1240.40;1232.58;1240.40
2010-12-13;1242.52;1246.73;1240.34;1240.46
2010-12-14;1241.84;1246.59;1238.17;1241.59
2010-12-15;1241.58;1244.25;1234.01;1235.23
2010-12-16;1236.34;1243.75;1232.85;1242.87
2010-12-17;1243.63;1245.81;1239.87;1243.91
2010-12-20;1245.76;1250.20;1241.51;1247.08
2010-12-21;1249.43;1255.82;1249.43;1254.60
2010-12-22;1254.94;1259.39;1254.94;1258.84
2010-12-23;1257.53;1258.59;1254.05;1256.77
2010-12-27;1254.66;1258.43;1251.48;1257.54
2010-12-28;1259.10;1259.90;1256.22;1258.51
2010-12-29;1258.78;1262.60;1258.78;1259.78
2010-12-30;1259.44;1261.09;1256.32;1257.88
2010-12-31;1256.76;1259.34;1254.19;1257.64
2011-01-03;1257.62;1276.17;1257.62;1271.87
2011-01-04;1272.95;1274.12;1262.66;1270.20
2011-01-05;1268.78;1277.63;1265.36;1276.56
2011-01-06;1276.29;1278.17;1270.43;1273.85
2011-01-07;1274.41;1276.83;1261.70;1271.50
2011-01-10;1270.84;1271.52;1262.18;1269.75
2011-01-11;1272.58;1277.25;1269.62;1274.48
2011-01-12;1275.65;1286.87;1275.65;1285.96
2011-01-13;1285.78;1286.70;1280.47;1283.76
2011-01-14;1282.90;1293.24;1281.24;1293.24
2011-01-18;1293.22;1296.06;1290.16;1295.02
2011-01-19;1294.52;1294.60;1278.92;1281.92
2011-01-20;1280.85;1283.35;1271.26;1280.26
2011-01-21;1283.63;1291.21;1282.07;1283.35
2011-01-24;1283.29;1291.93;1282.47;1290.84
2011-01-25;1288.17;1291.26;1281.07;1291.18
2011-01-26;1291.97;1299.74;1291.97;1296.63
2011-01-27;1297.51;1301.29;1294.41;1299.54
2011-01-28;1299.63;1302.67;1275.10;1276.34
2011-01-31;1276.50;1287.17;1276.50;1286.12
2011-02-01;1289.14;1308.86;1289.14;1307.59
2011-02-02;1305.91;1307.61;1302.62;1304.03
2011-02-03;1302.77;1308.60;1294.83;1307.10
2011-02-04;1307.01;1311.00;1301.67;1310.87
2011-02-07;1311.85;1322.85;1311.85;1319.05
2011-02-08;1318.76;1324.87;1316.03;1324.57
2011-02-09;1322.48;1324.54;1314.89;1320.88
2011-02-10;1318.13;1322.78;1311.74;1321.87
2011-02-11;1318.66;1330.79;1316.08;1329.15
2011-02-14;1328.73;1332.96;1326.90;1332.32
2011-02-15;1330.43;1330.43;1324.61;1328.01
2011-02-16;1329.51;1337.61;1329.51;1336.32
2011-02-17;1334.37;1341.50;1331.00;1340.43
2011-02-18;1340.38;1344.07;1338.12;1343.01
2011-02-22;1338.91;1338.91;1312.33;1315.44
2011-02-23;1315.44;1317.91;1299.55;1307.40
2011-02-24;1307.09;1310.91;1294.26;1306.10
2011-02-25;1307.34;1320.61;1307.34;1319.88
2011-02-28;1321.61;1329.38;1320.55;1327.22
2011-03-01;1328.64;1332.09;1306.14;1306.33
2011-03-02;1305.47;1314.19;1302.58;1308.44
2011-03-03;1312.37;1332.28;1312.37;1330.97
2011-03-04;1330.73;1331.08;1312.59;1321.15
2011-03-07;1322.72;1327.68;1303.99;1310.13
2011-03-08;1311.05;1325.74;1306.86;1321.82
2011-03-09;1319.92;1323.21;1312.27;1320.02
2011-03-10;1315.72;1315.72;1294.21;1295.11
2011-03-11;1293.43;1308.35;1291.99;1304.28
2011-03-14;1301.19;1301.19;1286.37;1296.39
2011-03-15;1288.46;1288.46;1261.12;1281.87
2011-03-16;1279.46;1280.91;1249.05;1256.88
2011-03-17;1261.61;1278.88;1261.61;1273.72
2011-03-18;1276.71;1288.88;1276.18;1279.21
2011-03-21;1281.65;1300.58;1281.65;1298.38
2011-03-22;1298.29;1299.35;1292.70;1293.77
2011-03-23;1292.19;1300.51;1284.05;1297.54
2011-03-24;1300.61;1311.34;1297.74;1309.66
2011-03-25;1311.80;1319.18;1310.15;1313.80
2011-03-28;1315.45;1319.74;1310.19;1310.19
2011-03-29;1309.37;1319.45;1305.26;1319.44
2011-03-30;1321.89;1331.74;1321.89;1328.26
2011-03-31;1327.44;1329.77;1325.03;1325.83
2011-04-01;1329.48;1337.85;1328.89;1332.41
2011-04-04;1333.56;1336.74;1329.10;1332.87
2011-04-05;1332.03;1338.21;1330.03;1332.63
2011-04-06;1335.94;1339.38;1331.09;1335.54
2011-04-07;1334.82;1338.80;1326.56;1333.51
2011-04-08;1336.16;1339.46;1322.94;1328.17
2011-04-11;1329.01;1333.77;1321.06;1324.46
2011-04-12;1321.96;1321.96;1309.51;1314.16
2011-04-13;1314.03;1321.35;1309.19;1314.41
2011-04-14;1311.13;1316.79;1302.42;1314.52
2011-04-15;1314.54;1322.88;1313.68;1319.68
2011-04-18;1313.35;1313.35;1294.70;1305.14
2011-04-19;1305.99;1312.70;1303.97;1312.62
2011-04-20;1319.12;1332.66;1319.12;1330.36
2011-04-21;1333.23;1337.49;1332.83;1337.38
2011-04-25;1337.14;1337.55;1331.47;1335.25
2011-04-26;1336.75;1349.55;1336.75;1347.24
2011-04-27;1348.43;1357.49;1344.25;1355.66
2011-04-28;1353.86;1361.71;1353.60;1360.48
2011-04-29;1360.14;1364.56;1358.69;1363.61
2011-05-02;1365.21;1370.58;1358.59;1361.22
2011-05-03;1359.76;1360.84;1349.52;1356.62
2011-05-04;1355.90;1355.90;1341.50;1347.32
2011-05-05;1344.16;1348.00;1329.17;1335.10
2011-05-06;1340.24;1354.36;1335.58;1340.20
2011-05-09;1340.20;1349.44;1338.64;1346.29
2011-05-10;1348.34;1359.44;1348.34;1357.16
2011-05-11;1354.51;1354.51;1336.36;1342.08
2011-05-12;1339.39;1351.05;1332.03;1348.65
2011-05-13;1348.69;1350.47;1333.36;1337.77
2011-05-16;1334.77;1343.33;1327.32;1329.47
2011-05-17;1326.10;1330.42;1318.51;1328.98
2011-05-18;1328.54;1341.82;1326.59;1340.68
2011-05-19;1342.40;1346.82;1336.36;1343.60
2011-05-20;1342.00;1342.00;1330.67;1333.27
2011-05-23;1333.07;1333.07;1312.88;1317.37
2011-05-24;1317.70;1323.72;1313.87;1316.28
2011-05-25;1316.36;1325.86;1311.80;1320.47
2011-05-26;1320.64;1328.51;1314.41;1325.69
2011-05-27;1325.69;1334.62;1325.69;1331.10
2011-05-31;1331.10;1345.20;1331.10;1345.20
2011-06-01;1345.20;1345.20;1313.71;1314.55
2011-06-02;1314.55;1318.03;1305.61;1312.94
2011-06-03;1312.94;1312.94;1297.90;1300.16
2011-06-06;1300.26;1300.26;1284.72;1286.17
2011-06-07;1286.31;1296.22;1284.74;1284.94
2011-06-08;1284.63;1287.04;1277.42;1279.56
2011-06-09;1279.63;1294.54;1279.63;1289.00
2011-06-10;1288.60;1288.60;1268.28;1270.98
2011-06-13;1271.31;1277.04;1265.64;1271.83
2011-06-14;1272.22;1292.50;1272.22;1287.87
2011-06-15;1287.87;1287.87;1261.90;1265.42
2011-06-16;1265.53;1274.11;1258.07;1267.64
2011-06-17;1268.58;1279.82;1267.40;1271.50
2011-06-20;1271.50;1280.42;1267.56;1278.36
2011-06-21;1278.40;1297.62;1278.40;1295.52
2011-06-22;1295.48;1298.61;1286.79;1287.14
2011-06-23;1286.60;1286.60;1262.87;1283.50
2011-06-24;1283.04;1283.93;1267.24;1268.45
2011-06-27;1268.44;1284.91;1267.53;1280.10
2011-06-28;1280.21;1296.80;1280.21;1296.67
2011-06-29;1296.85;1309.21;1296.85;1307.41
2011-06-30;1307.64;1321.97;1307.64;1320.64
2011-07-01;1320.64;1341.01;1318.18;1339.67
2011-07-05;1339.59;1340.89;1334.30;1337.88
2011-07-06;1337.56;1340.94;1330.92;1339.22
2011-07-07;1339.62;1356.48;1339.62;1353.22
2011-07-08;1352.39;1352.39;1333.71;1343.80
2011-07-11;1343.31;1343.31;1316.42;1319.49
2011-07-12;1319.61;1327.17;1313.33;1313.64
2011-07-13;1314.45;1331.48;1314.45;1317.72
2011-07-14;1317.74;1326.88;1306.51;1308.87
2011-07-15;1308.87;1317.70;1307.52;1316.14
2011-07-18;1315.94;1315.94;1295.92;1305.44
2011-07-19;1307.07;1328.14;1307.07;1326.73
2011-07-20;1328.66;1330.43;1323.65;1325.84
2011-07-21;1325.65;1347.00;1325.65;1343.80
2011-07-22;1343.80;1346.10;1336.95;1345.02
2011-07-25;1344.32;1344.32;1331.09;1337.43
2011-07-26;1337.39;1338.51;1329.59;1331.94
2011-07-27;1331.91;1331.91;1303.49;1304.89
2011-07-28;1304.84;1316.32;1299.16;1300.67
2011-07-29;1300.12;1304.16;1282.86;1292.28
2011-08-01;1292.59;1307.38;1274.73;1286.94
2011-08-02;1286.56;1286.56;1254.03;1254.05
2011-08-03;1254.25;1261.20;1234.56;1260.34
2011-08-04;1260.23;1260.23;1199.54;1200.07
2011-08-05;1200.28;1218.11;1168.09;1199.38
2011-08-08;1198.48;1198.48;1119.28;1119.46
2011-08-09;1120.23;1172.88;1101.54;1172.53
2011-08-10;1171.77;1171.77;1118.01;1120.76
2011-08-11;1121.30;1186.29;1121.30;1172.64
2011-08-12;1172.87;1189.04;1170.74;1178.81
2011-08-15;1178.86;1204.49;1178.86;1204.49
2011-08-16;1204.22;1204.22;1180.53;1192.76
2011-08-17;1192.89;1208.47;1184.36;1193.89
2011-08-18;1189.62;1189.62;1131.03;1140.65
2011-08-19;1140.47;1154.54;1122.05;1123.53
2011-08-22;1123.55;1145.49;1121.09;1123.82
2011-08-23;1124.36;1162.35;1122.91;1162.35
2011-08-24;1162.16;1178.56;1156.30;1177.60
2011-08-25;1176.69;1190.68;1155.47;1159.27
2011-08-26;1158.85;1181.23;1135.91;1176.80
2011-08-29;1177.91;1210.28;1177.91;1210.08
2011-08-30;1209.76;1220.10;1195.77;1212.92
2011-08-31;1213.00;1230.71;1209.35;1218.89
2011-09-01;1219.12;1229.29;1203.85;1204.42
2011-09-02;1203.90;1203.90;1170.56;1173.97
2011-09-06;1173.97;1173.97;1140.13;1165.24
2011-09-07;1165.85;1198.62;1165.85;1198.62
2011-09-08;1197.98;1204.40;1183.34;1185.90
2011-09-09;1185.37;1185.37;1148.37;1154.23
2011-09-12;1153.50;1162.52;1136.07;1162.27
2011-09-13;1162.59;1176.41;1157.44;1172.87
2011-09-14;1173.32;1202.38;1162.73;1188.68
2011-09-15;1189.44;1209.11;1189.44;1209.11
2011-09-16;1209.21;1220.06;1204.46;1216.01
2011-09-19;1214.99;1214.99;1188.36;1204.09
2011-09-20;1204.50;1220.39;1201.29;1202.09
2011-09-21;1203.63;1206.30;1166.21;1166.76
2011-09-22;1164.55;1164.55;1114.22;1129.56
2011-09-23;1128.82;1141.72;1121.36;1136.43
2011-09-26;1136.91;1164.19;1131.07;1162.95
2011-09-27;1163.32;1195.86;1163.32;1175.38
2011-09-28;1175.39;1184.71;1150.40;1151.06
2011-09-29;1151.74;1175.87;1139.93;1160.40
2011-09-30;1159.93;1159.93;1131.34;1131.42
2011-10-03;1131.21;1138.99;1098.92;1099.23
2011-10-04;1097.42;1125.12;1074.77;1123.95
2011-10-05;1124.03;1146.07;1115.68;1144.03
2011-10-06;1144.11;1165.55;1134.95;1164.97
2011-10-07;1165.03;1171.40;1150.26;1155.46
2011-10-10;1158.15;1194.91;1158.15;1194.89
2011-10-11;1194.60;1199.24;1187.30;1195.54
2011-10-12;1196.19;1220.25;1196.19;1207.25
2011-10-13;1206.96;1207.46;1190.58;1203.66
2011-10-14;1205.65;1224.61;1205.65;1224.58
2011-10-17;1224.47;1224.47;1198.55;1200.86
2011-10-18;1200.75;1233.10;1191.48;1225.38
2011-10-19;1223.46;1229.64;1206.31;1209.88
2011-10-20;1211.10;1219.53;1197.34;1215.39
2011-10-21;1215.39;1239.03;1215.39;1238.25
2011-10-24;1238.72;1256.55;1238.72;1254.19
2011-10-25;1254.19;1254.19;1226.79;1229.05
2011-10-26;1229.17;1246.28;1221.06;1242.00
2011-10-27;1243.97;1292.66;1243.97;1284.59
2011-10-28;1284.39;1287.08;1277.01;1285.09
2011-10-31;1284.96;1284.96;1253.16;1253.30
2011-11-01;1251.00;1251.00;1215.42;1218.28
2011-11-02;1219.62;1242.48;1219.62;1237.90
2011-11-03;1238.25;1263.21;1234.81;1261.15
2011-11-04;1260.82;1260.82;1238.92;1253.23
2011-11-07;1253.21;1261.70;1240.75;1261.12
2011-11-08;1261.12;1277.55;1254.99;1275.92
2011-11-09;1275.18;1275.18;1226.64;1229.10
2011-11-10;1229.59;1246.22;1227.70;1239.69
2011-11-11;1240.12;1266.98;1240.12;1263.85
2011-11-14;1263.85;1263.85;1246.68;1251.78
2011-11-15;1251.70;1264.25;1244.34;1257.81
2011-11-16;1257.81;1259.61;1235.67;1236.91
2011-11-17;1236.56;1237.73;1209.43;1216.13
2011-11-18;1216.19;1223.51;1211.36;1215.65
2011-11-21;1215.62;1215.62;1183.16;1192.98
2011-11-22;1192.98;1196.81;1181.65;1188.04
2011-11-23;1187.48;1187.48;1161.79;1161.79
2011-11-25;1161.41;1172.66;1158.66;1158.67
2011-11-28;1158.67;1197.35;1158.67;1192.55
2011-11-29;1192.56;1203.67;1191.80;1195.19
2011-11-30;1196.72;1247.11;1196.72;1246.96
2011-12-01;1246.91;1251.09;1239.73;1244.58
2011-12-02;1246.03;1260.08;1243.35;1244.28
2011-12-05;1244.33;1266.73;1244.33;1257.08
2011-12-06;1257.19;1266.03;1253.03;1258.47
2011-12-07;1258.14;1267.06;1244.80;1261.01
2011-12-08;1260.87;1260.87;1231.47;1234.35
2011-12-09;1234.48;1258.25;1234.48;1255.19
2011-12-12;1255.05;1255.05;1227.25;1236.47
2011-12-13;1236.83;1249.86;1219.43;1225.73
2011-12-14;1225.73;1225.73;1209.47;1211.82
2011-12-15;1212.12;1225.60;1212.12;1215.75
2011-12-16;1216.09;1231.04;1215.20;1219.66
2011-12-19;1219.74;1224.57;1202.37;1205.35
2011-12-20;1205.72;1242.82;1205.72;1241.30
2011-12-21;1241.25;1245.09;1229.51;1243.72
2011-12-22;1243.72;1255.22;1243.72;1254.00
2011-12-23;1254.00;1265.42;1254.00;1265.33
2011-12-27;1265.02;1269.37;1262.30;1265.43
2011-12-28;1265.38;1265.85;1248.64;1249.64
2011-12-29;1249.75;1263.54;1249.75;1263.02
2011-12-30;1262.82;1264.12;1257.46;1257.60
2012-01-03;1258.86;1284.62;1258.86;1277.06
2012-01-04;1277.03;1278.73;1268.10;1277.30
2012-01-05;1277.30;1283.05;1265.26;1281.06
2012-01-06;1280.93;1281.84;1273.34;1277.81
2012-01-09;1277.83;1281.99;1274.55;1280.70
2012-01-10;1280.77;1296.46;1280.77;1292.08
2012-01-11;1292.02;1293.80;1285.41;1292.48
2012-01-12;1292.48;1296.82;1285.77;1295.50
2012-01-13;1294.82;1294.82;1277.58;1289.09
2012-01-17;1290.22;1303.00;1290.22;1293.67
2012-01-18;1293.65;1308.11;1290.99;1308.04
2012-01-19;1308.07;1315.49;1308.07;1314.50
2012-01-20;1314.49;1315.38;1309.17;1315.38
2012-01-23;1315.29;1322.28;1309.89;1316.00
2012-01-24;1315.96;1315.96;1306.06;1314.65
2012-01-25;1314.40;1328.30;1307.65;1326.05
2012-01-26;1326.28;1333.47;1313.60;1318.43
2012-01-27;1318.25;1320.06;1311.72;1316.33
2012-01-30;1316.16;1316.16;1300.49;1313.01
2012-01-31;1313.53;1321.41;1306.69;1312.41
2012-02-01;1312.45;1330.52;1312.45;1324.09
2012-02-02;1324.24;1329.19;1321.57;1325.54
2012-02-03;1326.21;1345.34;1326.21;1344.90
2012-02-06;1344.32;1344.36;1337.52;1344.33
2012-02-07;1344.33;1349.24;1335.92;1347.05
2012-02-08;1347.04;1351.00;1341.95;1349.96
2012-02-09;1349.97;1354.32;1344.63;1351.95
2012-02-10;1351.21;1351.21;1337.35;1342.64
2012-02-13;1343.06;1353.35;1343.06;1351.77
2012-02-14;1351.30;1351.30;1340.83;1350.50
2012-02-15;1350.52;1355.87;1340.80;1343.23
2012-02-16;1342.61;1359.02;1341.22;1358.04
2012-02-17;1358.06;1363.40;1357.24;1361.23
2012-02-21;1361.22;1367.76;1358.11;1362.21
2012-02-22;1362.11;1362.70;1355.53;1357.66
2012-02-23;1357.53;1364.24;1352.28;1363.46
2012-02-24;1363.46;1368.92;1363.46;1365.74
2012-02-27;1365.20;1371.94;1354.92;1367.59
2012-02-28;1367.56;1373.09;1365.97;1372.18
2012-02-29;1372.20;1378.04;1363.81;1365.68
2012-03-01;1365.90;1376.17;1365.90;1374.09
2012-03-02;1374.09;1374.53;1366.42;1369.63
2012-03-05;1369.59;1369.59;1359.13;1364.33
2012-03-06;1363.63;1363.63;1340.03;1343.36
2012-03-07;1343.39;1354.85;1343.39;1352.63
2012-03-08;1352.65;1368.72;1352.65;1365.91
2012-03-09;1365.97;1374.76;1365.97;1370.87
2012-03-12;1370.78;1373.04;1366.69;1371.09
2012-03-13;1371.92;1396.13;1371.92;1395.95
2012-03-14;1395.95;1399.42;1389.97;1394.28
2012-03-15;1394.17;1402.63;1392.78;1402.60
2012-03-16;1402.55;1405.88;1401.47;1404.17
2012-03-19;1404.17;1414.00;1402.43;1409.75
2012-03-20;1409.59;1409.59;1397.68;1405.52
2012-03-21;1405.52;1407.75;1400.64;1402.89
2012-03-22;1402.89;1402.89;1388.73;1392.78
2012-03-23;1392.78;1399.18;1386.87;1397.11
2012-03-26;1397.11;1416.58;1397.11;1416.51
2012-03-27;1416.55;1419.15;1411.95;1412.52
2012-03-28;1412.52;1413.65;1397.20;1405.54
2012-03-29;1405.39;1405.39;1391.56;1403.28
2012-03-30;1403.31;1410.89;1401.42;1408.47
2012-04-02;1408.47;1422.38;1404.46;1419.04
2012-04-03;1418.98;1419.00;1404.62;1413.38
2012-04-04;1413.09;1413.09;1394.09;1398.96
2012-04-05;1398.79;1401.60;1392.92;1398.08
2012-04-09;1397.45;1397.45;1378.24;1382.20
2012-04-10;1382.18;1383.01;1357.38;1358.59
2012-04-11;1358.98;1374.71;1358.98;1368.71
2012-04-12;1368.77;1388.13;1368.77;1387.57
2012-04-13;1387.61;1387.61;1369.85;1370.26
2012-04-16;1370.27;1379.66;1365.38;1369.57
2012-04-17;1369.57;1392.76;1369.57;1390.78
2012-04-18;1390.78;1390.78;1383.29;1385.14
2012-04-19;1385.08;1390.46;1370.30;1376.92
2012-04-20;1376.96;1387.40;1376.96;1378.53
2012-04-23;1378.53;1378.53;1358.79;1366.94
2012-04-24;1366.97;1375.57;1366.82;1371.97
2012-04-25;1372.11;1391.37;1372.11;1390.69
2012-04-26;1390.64;1402.09;1387.28;1399.98
2012-04-27;1400.19;1406.64;1397.31;1403.36
2012-04-30;1403.26;1403.26;1394.00;1397.91
2012-05-01;1397.86;1415.32;1395.73;1405.82
2012-05-02;1405.50;1405.50;1393.92;1402.31
2012-05-03;1402.32;1403.07;1388.71;1391.57
2012-05-04;1391.51;1391.51;1367.96;1369.10
2012-05-07;1368.79;1373.91;1363.94;1369.58
2012-05-08;1369.16;1369.16;1347.75;1363.72
2012-05-09;1363.20;1363.73;1343.13;1354.58
2012-05-10;1354.58;1365.88;1354.58;1357.99
2012-05-11;1358.11;1365.66;1348.89;1353.39
2012-05-14;1351.93;1351.93;1336.61;1338.35
2012-05-15;1338.36;1344.94;1328.41;1330.66
2012-05-16;1330.78;1341.78;1324.79;1324.80
2012-05-17;1324.82;1326.36;1304.86;1304.86
2012-05-18;1305.05;1312.24;1291.98;1295.22
2012-05-21;1295.73;1316.39;1295.73;1315.99
2012-05-22;1316.09;1328.49;1310.04;1316.63
2012-05-23;1316.02;1320.71;1296.53;1318.86
2012-05-24;1318.72;1324.14;1310.50;1320.68
2012-05-25;1320.81;1324.20;1314.23;1317.82
2012-05-29;1318.90;1334.93;1318.90;1332.42
2012-05-30;1331.25;1331.25;1310.76;1313.32
2012-05-31;1313.09;1319.74;1298.90;1310.33
2012-06-01;1309.87;1309.87;1277.25;1278.04
2012-06-04;1278.29;1282.55;1266.74;1278.18
2012-06-05;1277.82;1287.62;1274.16;1285.50
2012-06-06;1285.61;1315.13;1285.61;1315.13
2012-06-07;1316.15;1329.05;1312.68;1314.99
2012-06-08;1314.99;1325.81;1307.77;1325.66
2012-06-11;1325.72;1335.52;1307.73;1308.93
2012-06-12;1309.40;1324.31;1306.62;1324.18
2012-06-13;1324.02;1327.28;1310.51;1314.88
2012-06-14;1314.88;1333.68;1314.14;1329.10
2012-06-15;1329.19;1343.32;1329.19;1342.84
2012-06-18;1342.42;1348.22;1334.46;1344.78
2012-06-19;1344.83;1363.46;1344.83;1357.98
2012-06-20;1358.04;1361.57;1346.45;1355.69
2012-06-21;1355.43;1358.27;1324.41;1325.51
2012-06-22;1325.92;1337.82;1325.92;1335.02
2012-06-25;1334.90;1334.90;1309.27;1313.72
2012-06-26;1314.09;1324.24;1310.30;1319.99
2012-06-27;1320.71;1334.40;1320.71;1331.85
2012-06-28;1331.52;1331.52;1313.29;1329.04
2012-06-29;1330.12;1362.17;1330.12;1362.16
2012-07-02;1362.33;1366.35;1355.70;1365.51
2012-07-03;1365.75;1374.81;1363.53;1374.02
2012-07-05;1373.72;1373.85;1363.02;1367.58
2012-07-06;1367.09;1367.09;1348.03;1354.68
2012-07-09;1354.66;1354.87;1346.65;1352.46
2012-07-10;1352.96;1361.54;1336.27;1341.47
2012-07-11;1341.40;1345.00;1333.25;1341.45
2012-07-12;1341.29;1341.29;1325.41;1334.76
2012-07-13;1334.81;1357.70;1334.81;1356.78
2012-07-16;1356.50;1357.26;1348.51;1353.64
2012-07-17;1353.68;1365.36;1345.07;1363.67
2012-07-18;1363.58;1375.26;1358.96;1372.78
2012-07-19;1373.01;1380.39;1371.21;1376.51
2012-07-20;1376.51;1376.51;1362.19;1362.66
2012-07-23;1362.34;1362.34;1337.56;1350.52
2012-07-24;1350.52;1351.53;1329.24;1338.31
2012-07-25;1338.35;1343.98;1331.50;1337.89
2012-07-26;1338.17;1363.13;1338.17;1360.02
2012-07-27;1360.05;1389.19;1360.05;1385.97
2012-07-30;1385.94;1391.74;1381.37;1385.30
2012-07-31;1385.27;1387.16;1379.17;1379.32
2012-08-01;1379.32;1385.03;1373.35;1375.14
2012-08-02;1375.13;1375.13;1354.65;1365.00
2012-08-03;1365.45;1394.16;1365.45;1390.99
2012-08-06;1391.04;1399.63;1391.04;1394.23
2012-08-07;1394.46;1407.14;1394.46;1401.35
2012-08-08;1401.23;1404.14;1396.13;1402.22
2012-08-09;1402.26;1405.95;1398.80;1402.80
2012-08-10;1402.58;1405.98;1395.62;1405.87
2012-08-13;1405.87;1405.87;1397.32;1404.11
2012-08-14;1404.36;1410.03;1400.60;1403.93
2012-08-15;1403.89;1407.73;1401.83;1405.53
2012-08-16;1406.61;1417.44;1404.15;1415.51
2012-08-17;1415.84;1418.71;1414.67;1418.16
2012-08-20;1417.85;1418.13;1412.12;1418.13
2012-08-21;1418.13;1426.68;1410.86;1413.17
2012-08-22;1413.09;1416.12;1406.78;1413.49
2012-08-23;1413.49;1413.49;1400.50;1402.08
2012-08-24;1401.99;1413.46;1398.04;1411.13
2012-08-27;1411.13;1416.17;1409.11;1410.44
2012-08-28;1410.44;1413.63;1405.59;1409.30
2012-08-29;1409.32;1413.95;1406.57;1410.49
2012-08-30;1410.08;1410.08;1397.01;1399.48
2012-08-31;1400.07;1413.09;1398.96;1406.58
2012-09-04;1406.54;1409.31;1396.56;1404.94
2012-09-05;1404.94;1408.81;1401.25;1403.44
2012-09-06;1403.44;1432.12;1403.44;1432.12
2012-09-07;1432.12;1437.92;1431.45;1437.92
2012-09-10;1437.92;1438.74;1428.98;1429.08
2012-09-11;1429.13;1437.76;1429.13;1433.56
2012-09-12;1433.56;1439.15;1432.99;1436.56
2012-09-13;1436.56;1463.76;1435.34;1459.99
2012-09-14;1460.07;1474.51;1460.07;1465.77
2012-09-17;1465.42;1465.63;1457.55;1461.19
2012-09-18;1461.19;1461.47;1456.13;1459.32
2012-09-19;1459.50;1465.15;1457.88;1461.05
2012-09-20;1461.05;1461.23;1449.98;1460.26
2012-09-21;1460.34;1467.07;1459.51;1460.15
2012-09-24;1459.76;1460.72;1452.06;1456.89
2012-09-25;1456.94;1463.24;1441.59;1441.59
2012-09-26;1441.60;1441.60;1430.53;1433.32
2012-09-27;1433.36;1450.20;1433.36;1447.15
2012-09-28;1447.13;1447.13;1435.60;1440.67
2012-10-01;1440.90;1457.14;1440.90;1444.49
2012-10-02;1444.99;1451.52;1439.01;1445.75
2012-10-03;1446.05;1454.30;1441.99;1450.99
2012-10-04;1451.08;1463.14;1451.08;1461.40
2012-10-05;1461.40;1470.96;1456.89;1460.93
2012-10-08;1460.93;1460.93;1453.10;1455.88
2012-10-09;1455.90;1455.90;1441.18;1441.48
2012-10-10;1441.48;1442.52;1430.64;1432.56
2012-10-11;1432.82;1443.90;1432.82;1432.84
2012-10-12;1432.84;1438.43;1425.53;1428.59
2012-10-15;1428.75;1441.31;1427.24;1440.13
2012-10-16;1440.31;1455.51;1440.31;1454.92
2012-10-17;1454.22;1462.20;1453.35;1460.91
2012-10-18;1460.94;1464.02;1452.63;1457.34
2012-10-19;1457.34;1457.34;1429.85;1433.19
2012-10-22;1433.21;1435.46;1422.06;1433.82
2012-10-23;1433.74;1433.74;1407.56;1413.11
2012-10-24;1413.20;1420.04;1407.10;1408.75
2012-10-25;1409.74;1421.12;1405.14;1412.97
2012-10-26;1412.97;1417.09;1403.28;1411.94
2012-10-31;1410.99;1418.76;1405.95;1412.16
2012-11-01;1412.20;1428.35;1412.20;1427.59
2012-11-02;1427.59;1434.27;1412.91;1414.20
2012-11-05;1414.02;1419.90;1408.13;1417.26
2012-11-06;1417.26;1433.38;1417.26;1428.39
2012-11-07;1428.27;1428.27;1388.14;1394.53
2012-11-08;1394.53;1401.23;1377.51;1377.51
2012-11-09;1377.55;1391.39;1373.03;1379.85
2012-11-12;1379.86;1384.87;1377.19;1380.03
2012-11-13;1380.03;1388.81;1371.39;1374.53
2012-11-14;1374.64;1380.13;1352.50;1355.49
2012-11-15;1355.41;1360.62;1348.05;1353.33
2012-11-16;1353.36;1362.03;1343.35;1359.88
2012-11-19;1359.88;1386.89;1359.88;1386.89
2012-11-20;1386.82;1389.77;1377.04;1387.81
2012-11-21;1387.79;1391.25;1386.39;1391.03
2012-11-23;1391.03;1409.16;1391.03;1409.15
2012-11-26;1409.15;1409.15;1397.68;1406.29
2012-11-27;1406.29;1409.01;1398.03;1398.94
2012-11-28;1398.77;1410.31;1385.43;1409.93
2012-11-29;1409.96;1419.70;1409.04;1415.95
2012-11-30;1415.95;1418.86;1411.63;1416.18
2012-12-03;1416.34;1423.73;1408.46;1409.46
2012-12-04;1409.46;1413.14;1403.65;1407.05
2012-12-05;1407.05;1415.56;1398.23;1409.28
2012-12-06;1409.43;1413.95;1405.93;1413.94
2012-12-07;1413.95;1420.34;1410.90;1418.07
2012-12-10;1418.07;1421.64;1415.64;1418.55
2012-12-11;1418.55;1434.27;1418.55;1427.84
2012-12-12;1427.84;1438.59;1426.76;1428.48
2012-12-13;1428.48;1431.36;1416.00;1419.45
2012-12-14;1419.45;1419.45;1411.88;1413.58
2012-12-17;1413.54;1430.67;1413.54;1430.36
2012-12-18;1430.47;1448.00;1430.47;1446.79
2012-12-19;1446.79;1447.75;1435.80;1435.81
2012-12-20;1435.81;1443.70;1432.82;1443.69
2012-12-21;1443.67;1443.67;1422.58;1430.15
2012-12-24;1430.15;1430.15;1424.66;1426.66
2012-12-26;1426.66;1429.42;1416.43;1419.83
2012-12-27;1419.83;1422.80;1401.80;1418.10
2012-12-28;1418.10;1418.10;1401.58;1402.43
2012-12-31;1402.43;1426.74;1398.11;1426.19
2013-01-02;1426.19;1462.43;1426.19;1462.42
2013-01-03;1462.42;1465.47;1455.53;1459.37
2013-01-04;1459.37;1467.94;1458.99;1466.47
2013-01-07;1466.47;1466.47;1456.62;1461.89
2013-01-08;1461.89;1461.89;1451.64;1457.15
2013-01-09;1457.15;1464.73;1457.15;1461.02
2013-01-10;1464.64;1472.30;1461.02;1472.12
2013-01-11;1472.12;1472.75;1467.58;1472.05
2013-01-14;1472.05;1472.05;1465.69;1470.68
2013-01-15;1470.67;1473.31;1463.76;1472.34
2013-01-16;1472.33;1473.96;1467.60;1472.63
2013-01-17;1472.63;1485.16;1472.63;1480.94
2013-01-18;1480.95;1485.98;1475.81;1485.98
2013-01-22;1485.98;1492.56;1481.16;1492.56
2013-01-23;1492.56;1496.13;1489.90;1494.81
2013-01-24;1494.81;1502.27;1489.46;1494.82
2013-01-25;1494.82;1503.26;1494.82;1502.96
2013-01-28;1502.96;1503.23;1496.33;1500.18
2013-01-29;1500.18;1509.35;1498.09;1507.84
2013-01-30;1507.84;1509.94;1500.11;1501.96
2013-01-31;1501.96;1504.19;1496.76;1498.11
2013-02-01;1498.11;1514.41;1498.11;1513.17
2013-02-04;1513.17;1513.17;1495.02;1495.71
2013-02-05;1495.71;1514.96;1495.71;1511.29
2013-02-06;1511.29;1512.53;1504.71;1512.12
2013-02-07;1512.12;1512.90;1498.49;1509.39
2013-02-08;1509.39;1518.31;1509.39;1517.93
2013-02-11;1517.93;1518.31;1513.61;1517.01
2013-02-12;1517.01;1522.29;1515.61;1519.43
2013-02-13;1519.43;1524.69;1515.93;1520.33
2013-02-14;1520.33;1523.14;1514.02;1521.38
2013-02-15;1521.38;1524.24;1514.14;1519.79
2013-02-19;1519.79;1530.94;1519.79;1530.94
2013-02-20;1530.94;1530.94;1511.41;1511.95
2013-02-21;1511.95;1511.95;1497.29;1502.42
2013-02-22;1502.42;1515.64;1502.42;1515.60
2013-02-25;1515.60;1525.84;1487.85;1487.85
2013-02-26;1487.85;1498.99;1485.01;1496.94
2013-02-27;1496.94;1520.08;1494.88;1515.99
2013-02-28;1515.99;1525.34;1514.46;1514.68
2013-03-01;1514.68;1519.99;1501.48;1518.20
2013-03-04;1518.20;1525.27;1512.29;1525.20
2013-03-05;1525.20;1543.47;1525.20;1539.79
2013-03-06;1539.79;1545.25;1538.11;1541.46
2013-03-07;1541.46;1545.78;1541.46;1544.26
2013-03-08;1544.26;1552.48;1542.94;1551.18
2013-03-11;1551.15;1556.27;1547.36;1556.22
2013-03-12;1556.22;1556.77;1548.24;1552.48
2013-03-13;1552.48;1556.39;1548.25;1554.52
2013-03-14;1554.52;1563.32;1554.52;1563.23
2013-03-15;1563.21;1563.62;1555.74;1560.70
2013-03-18;1560.70;1560.70;1545.13;1552.10
2013-03-19;1552.10;1557.25;1538.57;1548.34
2013-03-20;1548.34;1561.56;1548.34;1558.71
2013-03-21;1558.71;1558.71;1543.55;1545.80
2013-03-22;1545.90;1557.74;1545.90;1556.89
2013-03-25;1556.89;1564.91;1546.22;1551.69
2013-03-26;1551.69;1563.95;1551.69;1563.77
2013-03-27;1563.75;1564.07;1551.90;1562.85
2013-03-28;1562.86;1570.28;1561.08;1569.19
2013-04-01;1569.18;1570.57;1558.47;1562.17
2013-04-02;1562.17;1573.66;1562.17;1570.25
2013-04-03;1570.25;1571.47;1549.80;1553.69
2013-04-04;1553.69;1562.60;1552.52;1559.98
2013-04-05;1559.98;1559.98;1539.50;1553.28
2013-04-08;1553.26;1563.07;1548.63;1563.07
2013-04-09;1563.11;1573.89;1560.92;1568.61
2013-04-10;1568.61;1589.07;1568.61;1587.73
2013-04-11;1587.73;1597.35;1586.17;1593.37
2013-04-12;1593.30;1593.30;1579.97;1588.85
2013-04-15;1588.84;1588.84;1552.28;1552.36
2013-04-16;1552.36;1575.35;1552.36;1574.57
2013-04-17;1574.57;1574.57;1543.69;1552.01
2013-04-18;1552.03;1554.38;1536.03;1541.61
2013-04-19;1541.61;1555.89;1539.40;1555.25
2013-04-22;1555.25;1565.55;1548.19;1562.50
2013-04-23;1562.50;1579.58;1562.50;1578.78
2013-04-24;1578.78;1583.00;1575.80;1578.79
2013-04-25;1578.93;1592.64;1578.93;1585.16
2013-04-26;1585.16;1585.78;1577.56;1582.24
2013-04-29;1582.34;1596.65;1582.34;1593.61
2013-04-30;1593.58;1597.57;1586.50;1597.57
2013-05-01;1597.55;1597.55;1581.28;1582.70
2013-05-02;1582.77;1598.60;1582.77;1597.59
2013-05-03;1597.60;1618.46;1597.60;1614.42
2013-05-06;1614.40;1619.77;1614.21;1617.50
2013-05-07;1617.55;1626.03;1616.64;1625.96
2013-05-08;1625.95;1632.78;1622.70;1632.69
2013-05-09;1632.69;1635.01;1623.09;1626.67
2013-05-10;1626.69;1633.70;1623.71;1633.70
2013-05-13;1632.10;1636.00;1626.74;1633.77
2013-05-14;1633.75;1651.10;1633.75;1650.34
2013-05-15;1649.13;1661.49;1646.68;1658.78
2013-05-16;1658.07;1660.51;1648.60;1650.47
2013-05-17;1652.45;1667.47;1652.45;1667.47
2013-05-20;1665.71;1672.84;1663.52;1666.29
2013-05-21;1666.20;1674.93;1662.67;1669.16
2013-05-22;1669.39;1687.18;1648.86;1655.35
2013-05-23;1651.62;1655.50;1635.53;1650.51
2013-05-24;1646.67;1649.78;1636.88;1649.60
2013-05-28;1652.63;1674.21;1652.63;1660.06
2013-05-29;1656.57;1656.57;1640.05;1648.36
2013-05-30;1649.14;1661.91;1648.61;1654.41
2013-05-31;1652.13;1658.99;1630.74;1630.74
2013-06-03;1631.71;1640.42;1622.72;1640.42
2013-06-04;1640.73;1646.53;1623.62;1631.38
2013-06-05;1629.05;1629.31;1607.09;1608.90
2013-06-06;1609.29;1622.56;1598.23;1622.56
2013-06-07;1625.27;1644.40;1625.27;1643.38
2013-06-10;1644.67;1648.69;1639.26;1642.81
2013-06-11;1638.64;1640.13;1622.92;1626.13
2013-06-12;1629.94;1637.71;1610.92;1612.52
2013-06-13;1612.15;1639.25;1608.07;1636.36
2013-06-14;1635.52;1640.80;1623.96;1626.73
2013-06-17;1630.64;1646.50;1630.34;1639.04
2013-06-18;1639.77;1654.19;1639.77;1651.81
2013-06-19;1651.83;1652.45;1628.91;1628.93
2013-06-20;1624.62;1624.62;1584.32;1588.19
2013-06-21;1588.62;1599.19;1577.70;1592.43
2013-06-24;1588.77;1588.77;1560.33;1573.09
2013-06-25;1577.52;1593.79;1577.09;1588.03
2013-06-26;1592.27;1606.83;1592.27;1603.26
2013-06-27;1606.44;1620.07;1606.44;1613.20
2013-06-28;1611.12;1615.94;1601.06;1606.28
2013-07-01;1609.78;1626.61;1609.78;1614.96
2013-07-02;1614.29;1624.26;1606.77;1614.08
2013-07-03;1611.48;1618.97;1604.57;1615.41
2013-07-05;1618.65;1632.07;1614.71;1631.89
2013-07-08;1634.20;1644.68;1634.20;1640.46
2013-07-09;1642.89;1654.18;1642.89;1652.32
2013-07-10;1651.56;1657.92;1647.66;1652.62
2013-07-11;1657.41;1676.63;1657.41;1675.02
2013-07-12;1675.26;1680.19;1672.33;1680.19
2013-07-15;1679.59;1684.51;1677.89;1682.50
2013-07-16;1682.70;1683.73;1671.84;1676.26
2013-07-17;1677.91;1684.75;1677.91;1680.91
2013-07-18;1681.05;1693.12;1681.05;1689.37
2013-07-19;1686.15;1692.09;1684.08;1692.09
2013-07-22;1694.41;1697.61;1690.67;1695.53
2013-07-23;1696.63;1698.78;1691.13;1692.39
2013-07-24;1696.06;1698.38;1682.57;1685.94
2013-07-25;1685.21;1690.94;1680.07;1690.25
2013-07-26;1687.31;1691.85;1676.03;1691.65
2013-07-29;1690.32;1690.92;1681.86;1685.33
2013-07-30;1687.92;1693.19;1682.42;1685.96
2013-07-31;1687.76;1698.43;1684.94;1685.73
2013-08-01;1689.42;1707.85;1689.42;1706.87
2013-08-02;1706.10;1709.67;1700.68;1709.67
2013-08-05;1708.01;1709.24;1703.55;1707.14
2013-08-06;1705.79;1705.79;1693.29;1697.37
2013-08-07;1695.30;1695.30;1684.91;1690.91
2013-08-08;1693.35;1700.18;1688.38;1697.48
2013-08-09;1696.10;1699.42;1686.02;1691.42
2013-08-12;1688.37;1691.49;1683.35;1689.47
2013-08-13;1690.65;1696.81;1682.62;1694.16
2013-08-14;1693.88;1695.52;1684.83;1685.39
2013-08-15;1679.61;1679.61;1658.59;1661.32
2013-08-16;1661.22;1663.60;1652.61;1655.83
2013-08-19;1655.25;1659.18;1645.84;1646.06
2013-08-20;1646.81;1658.92;1646.08;1652.35
2013-08-21;1650.66;1656.99;1639.43;1642.80
2013-08-22;1645.03;1659.55;1645.03;1656.96
2013-08-23;1659.92;1664.85;1654.81;1663.50
2013-08-26;1664.29;1669.51;1656.02;1656.78
2013-08-27;1652.54;1652.54;1629.05;1630.48
2013-08-28;1630.25;1641.18;1627.47;1634.96
2013-08-29;1633.50;1646.41;1630.88;1638.17
2013-08-30;1638.89;1640.08;1628.05;1632.97
2013-09-03;1635.95;1651.35;1633.41;1639.77
2013-09-04;1640.72;1655.72;1637.41;1653.08
2013-09-05;1653.28;1659.17;1653.07;1655.08
2013-09-06;1657.44;1664.83;1640.62;1655.17
2013-09-09;1656.85;1672.40;1656.85;1671.71
2013-09-10;1674.32;1684.09;1674.32;1683.99
2013-09-11;1681.04;1689.13;1678.70;1689.13
2013-09-12;1689.21;1689.97;1681.96;1683.42
2013-09-13;1685.04;1688.73;1682.22;1687.99
2013-09-16;1691.70;1704.95;1691.70;1697.60
2013-09-17;1697.73;1705.52;1697.73;1704.76
2013-09-18;1705.74;1729.44;1700.35;1725.52
2013-09-19;1727.34;1729.86;1720.20;1722.34
2013-09-20;1722.44;1725.23;1708.89;1709.91
2013-09-23;1711.44;1711.44;1697.10;1701.84
2013-09-24;1702.60;1707.63;1694.90;1697.42
2013-09-25;1698.02;1701.71;1691.88;1692.77
2013-09-26;1694.05;1703.85;1693.11;1698.67
2013-09-27;1695.52;1695.52;1687.11;1691.75
2013-09-30;1687.26;1687.26;1674.99;1681.55
2013-10-01;1682.41;1696.55;1682.07;1695.00
2013-10-02;1691.90;1693.87;1680.34;1693.87
2013-10-03;1692.35;1692.35;1670.36;1678.66
2013-10-04;1678.79;1691.94;1677.33;1690.50
2013-10-07;1687.15;1687.15;1674.70;1676.12
2013-10-08;1676.22;1676.79;1655.03;1655.45
2013-10-09;1656.99;1662.47;1646.47;1656.40
2013-10-10;1660.88;1692.56;1660.88;1692.56
2013-10-11;1691.09;1703.44;1688.52;1703.20
2013-10-14;1699.86;1711.03;1692.13;1710.14
2013-10-15;1709.17;1711.57;1695.93;1698.06
2013-10-16;1700.49;1721.76;1700.49;1721.54
2013-10-17;1720.17;1733.45;1714.12;1733.15
2013-10-18;1736.72;1745.31;1735.74;1744.50
2013-10-21;1745.20;1747.79;1740.67;1744.66
2013-10-22;1746.48;1759.33;1746.48;1754.67
2013-10-23;1752.27;1752.27;1740.50;1746.38
2013-10-24;1747.48;1753.94;1745.50;1752.07
2013-10-25;1756.01;1759.82;1752.45;1759.77
2013-10-28;1759.42;1764.99;1757.67;1762.11
2013-10-29;1762.93;1772.09;1762.93;1771.95
2013-10-30;1772.27;1775.22;1757.24;1763.31
2013-10-31;1763.24;1768.53;1755.72;1756.54
2013-11-01;1758.70;1765.67;1752.70;1761.64
2013-11-04;1763.40;1768.78;1761.56;1767.93
2013-11-05;1765.67;1767.03;1755.76;1762.97
2013-11-06;1765.00;1773.74;1764.40;1770.49
2013-11-07;1770.74;1774.54;1746.20;1747.15
2013-11-08;1748.37;1770.78;1747.63;1770.61
2013-11-11;1769.96;1773.44;1767.85;1771.89
2013-11-12;1769.51;1771.78;1762.29;1767.69
2013-11-13;1764.37;1782.00;1760.64;1782.00
2013-11-14;1782.75;1791.53;1780.22;1790.62
2013-11-15;1790.66;1798.22;1790.66;1798.18
2013-11-18;1798.82;1802.33;1788.00;1791.53
2013-11-19;1790.79;1795.51;1784.72;1787.87
2013-11-20;1789.59;1795.73;1777.23;1781.37
2013-11-21;1783.52;1797.16;1783.52;1795.85
2013-11-22;1797.21;1804.84;1794.70;1804.76
2013-11-25;1806.33;1808.10;1800.58;1802.48
2013-11-26;1802.87;1808.42;1800.77;1802.75
2013-11-27;1803.48;1808.27;1802.77;1807.23
2013-11-29;1808.69;1813.55;1803.98;1805.81
2013-12-02;1806.55;1810.02;1798.60;1800.90
2013-12-03;1800.10;1800.10;1787.85;1795.15
2013-12-04;1793.15;1799.80;1779.09;1792.81
2013-12-05;1792.82;1792.82;1783.38;1785.03
2013-12-06;1788.36;1806.04;1788.36;1805.09
2013-12-09;1806.21;1811.52;1806.21;1808.37
2013-12-10;1807.60;1808.52;1801.75;1802.62
2013-12-11;1802.76;1802.97;1780.09;1782.22
2013-12-12;1781.71;1782.99;1772.28;1775.50
2013-12-13;1777.98;1780.92;1772.45;1775.32
2013-12-16;1777.48;1792.22;1777.48;1786.54
2013-12-17;1786.47;1786.77;1777.05;1781.00
2013-12-18;1781.46;1811.08;1767.99;1810.65
2013-12-19;1809.00;1810.88;1801.35;1809.60
2013-12-20;1810.39;1823.75;1810.25;1818.32
2013-12-23;1822.92;1829.75;1822.92;1827.99
2013-12-24;1828.02;1833.32;1828.02;1833.32
2013-12-26;1834.96;1842.84;1834.96;1842.02
2013-12-27;1842.97;1844.89;1839.81;1841.40
2013-12-30;1841.47;1842.47;1838.77;1841.07
2013-12-31;1842.61;1849.44;1842.41;1848.36
2014-01-02;1845.86;1845.86;1827.74;1831.98
2014-01-03;1833.21;1838.24;1829.13;1831.37
2014-01-06;1832.31;1837.16;1823.73;1826.77
2014-01-07;1828.71;1840.10;1828.71;1837.88
2014-01-08;1837.90;1840.02;1831.40;1837.49
2014-01-09;1839.00;1843.23;1830.38;1838.13
2014-01-10;1840.06;1843.15;1832.43;1842.37
2014-01-13;1841.26;1843.45;1815.52;1819.20
2014-01-14;1821.36;1839.26;1821.36;1838.88
2014-01-15;1840.52;1850.84;1840.52;1848.38
2014-01-16;1847.99;1847.99;1840.30;1845.89
2014-01-17;1844.23;1846.04;1835.23;1838.70
2014-01-21;1841.05;1849.31;1832.38;1843.80
2014-01-22;1844.71;1846.87;1840.88;1844.86
2014-01-23;1842.29;1842.29;1820.06;1828.46
2014-01-24;1826.96;1826.96;1790.29;1790.29
2014-01-27;1791.03;1795.98;1772.88;1781.56
2014-01-28;1783.00;1793.87;1779.49;1792.50
2014-01-29;1790.15;1790.15;1770.45;1774.20
2014-01-30;1777.17;1798.77;1777.17;1794.19
2014-01-31;1790.88;1793.88;1772.26;1782.59
2014-02-03;1782.68;1784.83;1739.66;1741.89
2014-02-04;1743.82;1758.73;1743.82;1755.20
2014-02-05;1753.38;1755.79;1737.92;1751.64
2014-02-06;1752.99;1774.06;1752.99;1773.43
2014-02-07;1776.01;1798.03;1776.01;1797.02
2014-02-10;1796.20;1799.94;1791.83;1799.84
2014-02-11;1800.45;1823.54;1800.41;1819.75
2014-02-12;1820.12;1826.55;1815.97;1819.26
2014-02-13;1814.82;1830.25;1809.22;1829.83
2014-02-14;1828.46;1841.65;1825.59;1838.63
2014-02-18;1839.03;1842.87;1835.01;1840.76
2014-02-19;1838.90;1847.50;1826.99;1828.75
2014-02-20;1829.24;1842.79;1824.58;1839.78
2014-02-21;1841.07;1846.13;1835.60;1836.25
2014-02-24;1836.78;1858.71;1836.78;1847.61
2014-02-25;1847.66;1852.91;1840.19;1845.12
2014-02-26;1845.79;1852.65;1840.66;1845.16
2014-02-27;1844.90;1854.53;1841.13;1854.29
2014-02-28;1855.12;1867.92;1847.67;1859.45
2014-03-03;1857.68;1857.68;1834.44;1845.73
2014-03-04;1849.23;1876.23;1849.23;1873.91
2014-03-05;1874.05;1876.53;1871.11;1873.81
2014-03-06;1874.18;1881.94;1874.18;1877.03
2014-03-07;1878.52;1883.57;1870.56;1878.04
2014-03-10;1877.86;1877.87;1867.04;1877.17
2014-03-11;1878.26;1882.35;1863.88;1867.63
2014-03-12;1866.15;1868.38;1854.38;1868.20
2014-03-13;1869.06;1874.40;1841.86;1846.34
2014-03-14;1845.07;1852.44;1839.57;1841.13
2014-03-17;1842.81;1862.30;1842.81;1858.83
2014-03-18;1858.92;1873.76;1858.92;1872.25
2014-03-19;1872.25;1874.14;1850.35;1860.77
2014-03-20;1860.09;1873.49;1854.63;1872.01
2014-03-21;1874.53;1883.97;1863.46;1866.52
2014-03-24;1867.67;1873.34;1849.69;1857.44
2014-03-25;1859.48;1871.87;1855.96;1865.62
2014-03-26;1867.09;1875.92;1852.56;1852.56
2014-03-27;1852.11;1855.55;1842.11;1849.04
2014-03-28;1850.07;1866.63;1850.07;1857.62
2014-03-31;1859.16;1875.18;1859.16;1872.34
2014-04-01;1873.96;1885.84;1873.96;1885.52
2014-04-02;1886.61;1893.17;1883.79;1890.90
2014-04-03;1891.43;1893.80;1882.65;1888.77
2014-04-04;1890.25;1897.28;1863.26;1865.09
2014-04-07;1863.92;1864.04;1841.48;1845.04
2014-04-08;1845.48;1854.95;1837.49;1851.96
2014-04-09;1852.64;1872.43;1852.38;1872.18
2014-04-10;1872.28;1872.53;1830.87;1833.08
2014-04-11;1830.65;1835.07;1814.36;1815.69
2014-04-14;1818.18;1834.19;1815.80;1830.61
2014-04-15;1831.45;1844.02;1816.29;1842.98
2014-04-16;1846.01;1862.31;1846.01;1862.31
2014-04-17;1861.73;1869.63;1856.72;1864.85
2014-04-21;1865.79;1871.89;1863.18;1871.89
2014-04-22;1872.57;1884.89;1872.57;1879.55
2014-04-23;1879.32;1879.75;1873.91;1875.39
2014-04-24;1881.97;1884.06;1870.24;1878.61
2014-04-25;1877.72;1877.72;1859.70;1863.40
2014-04-28;1865.00;1877.01;1850.61;1869.43
2014-04-29;1870.78;1880.60;1870.78;1878.33
2014-04-30;1877.10;1885.20;1872.69;1883.95
2014-05-01;1884.39;1888.59;1878.04;1883.68
2014-05-02;1885.30;1891.33;1878.50;1881.14
2014-05-05;1879.45;1885.51;1866.77;1884.66
2014-05-06;1883.69;1883.69;1867.72;1867.72
2014-05-07;1868.53;1878.83;1859.79;1878.21
2014-05-08;1877.39;1889.07;1870.05;1875.63
2014-05-09;1875.27;1878.57;1867.02;1878.48
2014-05-12;1880.03;1897.13;1880.03;1896.65
2014-05-13;1896.75;1902.17;1896.06;1897.45
2014-05-14;1897.13;1897.13;1885.77;1888.53
2014-05-15;1888.16;1888.16;1862.36;1870.85
2014-05-16;1871.19;1878.28;1864.82;1877.86
2014-05-19;1876.66;1886.00;1872.42;1885.08
2014-05-20;1884.88;1884.88;1868.14;1872.83
2014-05-21;1873.34;1888.80;1873.34;1888.03
2014-05-22;1888.19;1896.33;1885.39;1892.49
2014-05-23;1893.32;1901.26;1893.32;1900.53
2014-05-27;1902.01;1912.28;1902.01;1911.91
2014-05-28;1911.77;1914.46;1907.30;1909.78
2014-05-29;1910.60;1920.03;1909.82;1920.03
2014-05-30;1920.33;1924.03;1916.64;1923.57
2014-06-02;1923.87;1925.88;1915.98;1924.97
2014-06-03;1923.07;1925.07;1918.79;1924.24
2014-06-04;1923.06;1928.63;1918.60;1927.88
2014-06-05;1928.52;1941.74;1922.93;1940.46
2014-06-06;1942.41;1949.44;1942.41;1949.44
2014-06-09;1948.97;1955.55;1947.16;1951.27
2014-06-10;1950.34;1950.86;1944.64;1950.79
2014-06-11;1949.37;1949.37;1940.08;1943.89
2014-06-12;1943.35;1943.35;1925.78;1930.11
2014-06-13;1930.80;1937.30;1927.69;1936.16
2014-06-16;1934.84;1941.15;1930.91;1937.78
2014-06-17;1937.15;1943.69;1933.55;1941.99
2014-06-18;1942.73;1957.74;1939.29;1956.98
2014-06-19;1957.50;1959.87;1952.26;1959.48
2014-06-20;1960.45;1963.91;1959.17;1962.87
2014-06-23;1962.92;1963.74;1958.89;1962.61
2014-06-24;1961.97;1968.17;1948.34;1949.98
2014-06-25;1949.27;1960.83;1947.49;1959.53
2014-06-26;1959.89;1959.89;1944.69;1957.22
2014-06-27;1956.56;1961.47;1952.18;1960.96
2014-06-30;1960.79;1964.24;1958.22;1960.23
2014-07-01;1962.29;1978.58;1962.29;1973.32
2014-07-02;1973.06;1976.67;1972.58;1974.62
2014-07-03;1975.88;1985.59;1975.88;1985.44
2014-07-07;1984.22;1984.22;1974.88;1977.65
2014-07-08;1976.39;1976.39;1959.46;1963.71
2014-07-09;1965.10;1974.15;1965.10;1972.83
2014-07-10;1966.67;1969.84;1952.86;1964.68
2014-07-11;1965.76;1968.67;1959.63;1967.57
2014-07-14;1969.86;1979.85;1969.86;1977.10
2014-07-15;1977.36;1982.52;1965.34;1973.28
2014-07-16;1976.35;1983.94;1975.67;1981.57
2014-07-17;1979.75;1981.80;1955.59;1958.12
2014-07-18;1961.54;1979.91;1960.82;1978.22
2014-07-21;1976.93;1976.93;1965.77;1973.63
2014-07-22;1975.65;1986.24;1975.65;1983.53
2014-07-23;1985.32;1989.23;1982.44;1987.01
2014-07-24;1988.07;1991.39;1985.79;1987.98
2014-07-25;1984.60;1984.60;1974.37;1978.34
2014-07-28;1978.25;1981.52;1967.31;1978.91
2014-07-29;1980.03;1984.85;1969.95;1969.95
2014-07-30;1973.21;1978.90;1962.42;1970.07
2014-07-31;1965.14;1965.14;1930.67;1930.67
2014-08-01;1929.80;1937.35;1916.37;1925.15
2014-08-04;1926.62;1942.92;1921.20;1938.99
2014-08-05;1936.34;1936.34;1913.77;1920.21
2014-08-06;1917.29;1927.91;1911.45;1920.24
2014-08-07;1923.03;1928.89;1904.78;1909.57
2014-08-08;1910.35;1932.38;1909.01;1931.59
2014-08-11;1933.43;1944.90;1933.43;1936.92
2014-08-12;1935.73;1939.65;1928.29;1933.75
2014-08-13;1935.60;1948.41;1935.60;1946.72
2014-08-14;1947.41;1955.23;1947.41;1955.18
2014-08-15;1958.87;1964.04;1941.50;1955.06
2014-08-18;1958.36;1971.99;1958.36;1971.74
2014-08-19;1972.73;1982.57;1972.73;1981.60
2014-08-20;1980.46;1988.57;1977.68;1986.51
2014-08-21;1986.82;1994.76;1986.82;1992.37
2014-08-22;1992.60;1993.54;1984.76;1988.40
2014-08-25;1991.74;2001.95;1991.74;1997.92
2014-08-26;1998.59;2005.04;1998.59;2000.02
2014-08-27;2000.54;2002.14;1996.20;2000.12
2014-08-28;1997.42;1998.55;1990.52;1996.74
2014-08-29;1998.45;2003.38;1994.65;2003.37
2014-09-02;2004.07;2006.12;1994.85;2002.28
2014-09-03;2003.57;2009.28;1998.14;2000.72
2014-09-04;2001.67;2011.17;1992.54;1997.65
2014-09-05;1998.00;2007.71;1990.10;2007.71
2014-09-08;2007.17;2007.17;1995.60;2001.54
2014-09-09;2000.73;2001.01;1984.61;1988.44
2014-09-10;1988.41;1996.66;1982.99;1995.69
2014-09-11;1992.85;1997.65;1985.93;1997.45
2014-09-12;1996.74;1996.74;1980.26;1985.54
2014-09-15;1986.04;1987.18;1978.48;1984.13
2014-09-16;1981.93;2002.28;1979.06;1998.98
2014-09-17;1999.30;2010.74;1993.29;2001.57
2014-09-18;2003.07;2012.34;2003.07;2011.36
2014-09-19;2012.74;2019.26;2006.59;2010.40
2014-09-22;2009.08;2009.08;1991.01;1994.29
2014-09-23;1992.78;1995.41;1982.77;1982.77
2014-09-24;1983.34;1999.79;1978.63;1998.30
2014-09-25;1997.32;1997.32;1965.99;1965.99
2014-09-26;1966.22;1986.37;1966.22;1982.85
2014-09-29;1978.96;1981.28;1964.04;1977.80
2014-09-30;1978.21;1985.17;1968.96;1972.29
2014-10-01;1971.44;1971.44;1941.72;1946.16
2014-10-02;1945.83;1952.32;1926.03;1946.17
2014-10-03;1948.12;1971.19;1948.12;1967.90
2014-10-06;1970.01;1977.84;1958.43;1964.82
2014-10-07;1962.36;1962.36;1934.87;1935.10
2014-10-08;1935.55;1970.36;1925.25;1968.89
2014-10-09;1967.68;1967.68;1927.56;1928.21
2014-10-10;1925.63;1936.98;1906.05;1906.13
2014-10-13;1905.65;1912.09;1874.14;1874.74
2014-10-14;1877.11;1898.71;1871.79;1877.70
2014-10-15;1874.18;1874.18;1820.66;1862.49
2014-10-16;1855.95;1876.01;1835.02;1862.76
2014-10-17;1864.91;1898.16;1864.91;1886.76
2014-10-20;1885.62;1905.03;1882.30;1904.01
2014-10-21;1909.38;1942.45;1909.38;1941.28
2014-10-22;1941.29;1949.31;1926.83;1927.11
2014-10-23;1931.02;1961.95;1931.02;1950.82
2014-10-24;1951.59;1965.27;1946.27;1964.58
2014-10-27;1962.97;1964.64;1951.37;1961.63
2014-10-28;1964.14;1985.05;1964.14;1985.05
2014-10-29;1983.29;1991.40;1969.04;1982.30
2014-10-30;1979.49;1999.40;1974.75;1994.65
2014-10-31;2001.20;2018.19;2001.20;2018.05
2014-11-03;2018.21;2024.46;2013.68;2017.81
2014-11-04;2015.81;2015.98;2001.01;2012.10
2014-11-05;2015.29;2023.77;2014.42;2023.57
2014-11-06;2023.33;2031.61;2015.86;2031.21
2014-11-07;2032.36;2034.26;2025.07;2031.92
2014-11-10;2032.01;2038.70;2030.17;2038.26
2014-11-11;2038.20;2041.28;2035.28;2039.68
2014-11-12;2037.75;2040.33;2031.95;2038.25
2014-11-13;2039.21;2046.18;2030.44;2039.33
2014-11-14;2039.74;2042.22;2035.20;2039.82
2014-11-17;2038.29;2043.07;2034.46;2041.32
2014-11-18;2041.48;2056.08;2041.48;2051.80
2014-11-19;2051.16;2052.14;2040.37;2048.72
2014-11-20;2045.87;2053.84;2040.49;2052.75
2014-11-21;2057.46;2071.46;2056.75;2063.50
2014-11-24;2065.07;2070.17;2065.07;2069.41
2014-11-25;2070.15;2074.21;2064.75;2067.03
2014-11-26;2067.36;2073.29;2066.62;2072.83
2014-11-28;2074.78;2075.76;2065.06;2067.56
2014-12-01;2065.78;2065.78;2049.57;2053.44
2014-12-02;2053.77;2068.77;2053.77;2066.55
2014-12-03;2067.45;2076.28;2066.65;2074.33
2014-12-04;2073.64;2077.34;2062.34;2071.92
2014-12-05;2072.78;2079.47;2070.81;2075.37
2014-12-08;2074.84;2075.78;2054.27;2060.31
2014-12-09;2056.55;2060.60;2034.17;2059.82
2014-12-10;2058.86;2058.86;2024.26;2026.14
2014-12-11;2027.92;2055.53;2027.92;2035.33
2014-12-12;2030.36;2032.25;2002.33;2002.33
2014-12-15;2005.03;2018.69;1982.26;1989.63
2014-12-16;1986.71;2016.89;1972.56;1972.74
2014-12-17;1973.77;2016.75;1973.77;2012.89
2014-12-18;2018.98;2061.23;2018.98;2061.23
2014-12-19;2061.04;2077.85;2061.03;2070.65
2014-12-22;2069.28;2078.76;2069.28;2078.54
2014-12-23;2081.48;2086.73;2079.77;2082.17
2014-12-24;2083.25;2087.56;2081.86;2081.88
2014-12-26;2084.30;2092.70;2084.30;2088.77
2014-12-29;2087.63;2093.55;2085.75;2090.57
2014-12-30;2088.49;2088.49;2079.53;2080.35
2014-12-31;2082.11;2085.58;2057.94;2058.90
2015-01-02;2058.90;2072.36;2046.04;2058.20
2015-01-05;2054.44;2054.44;2017.34;2020.58
2015-01-06;2022.15;2030.25;1992.44;2002.61
2015-01-07;2005.55;2029.61;2005.55;2025.90
2015-01-08;2030.61;2064.08;2030.61;2062.14
2015-01-09;2063.45;2064.43;2038.33;2044.81
2015-01-12;2046.13;2049.30;2022.58;2028.26
2015-01-13;2031.58;2056.93;2008.25;2023.03
2015-01-14;2018.40;2018.40;1988.44;2011.27
2015-01-15;2013.75;2021.35;1991.47;1992.67
2015-01-16;1992.25;2020.46;1988.12;2019.42
2015-01-20;2020.76;2028.94;2004.49;2022.55
2015-01-21;2020.19;2038.29;2012.04;2032.12
2015-01-22;2034.30;2064.62;2026.38;2063.15
2015-01-23;2062.98;2062.98;2050.54;2051.82
2015-01-26;2050.42;2057.62;2040.97;2057.09
2015-01-27;2047.86;2047.86;2019.91;2029.55
2015-01-28;2032.34;2042.49;2001.49;2002.16
2015-01-29;2002.45;2024.64;1989.18;2021.25
2015-01-30;2019.35;2023.32;1993.38;1994.99
2015-02-02;1996.67;2021.66;1980.90;2020.85
2015-02-03;2022.71;2050.30;2022.71;2050.03
2015-02-04;2048.86;2054.74;2036.72;2041.51
2015-02-05;2043.45;2063.55;2043.45;2062.52
2015-02-06;2062.28;2072.40;2049.97;2055.47
2015-02-09;2053.47;2056.16;2041.88;2046.74
2015-02-10;2049.38;2070.86;2048.62;2068.59
2015-02-11;2068.55;2073.48;2057.99;2068.53
2015-02-12;2069.98;2088.53;2069.98;2088.48
2015-02-13;2088.78;2097.03;2086.70;2096.99
2015-02-17;2096.47;2101.30;2089.80;2100.34
2015-02-18;2099.16;2100.23;2092.15;2099.68
2015-02-19;2099.25;2102.13;2090.79;2097.45
2015-02-20;2097.65;2110.61;2085.44;2110.30
2015-02-23;2109.83;2110.05;2103.00;2109.66
2015-02-24;2109.10;2117.94;2105.87;2115.48
2015-02-25;2115.30;2119.59;2109.89;2113.86
2015-02-26;2113.91;2113.91;2103.76;2110.74
2015-02-27;2110.88;2112.74;2103.75;2104.50
2015-03-02;2105.23;2117.52;2104.50;2117.39
2015-03-03;2115.76;2115.76;2098.26;2107.78
2015-03-04;2107.72;2107.72;2087.62;2098.53
2015-03-05;2098.54;2104.25;2095.22;2101.04
2015-03-06;2100.91;2100.91;2067.27;2071.26
2015-03-09;2072.25;2083.49;2072.21;2079.43
2015-03-10;2076.14;2076.14;2044.16;2044.16
2015-03-11;2044.69;2050.08;2039.69;2040.24
2015-03-12;2041.10;2066.41;2041.10;2065.95
2015-03-13;2064.56;2064.56;2041.17;2053.40
2015-03-16;2055.35;2081.41;2055.35;2081.19
2015-03-17;2080.59;2080.59;2065.08;2074.28
2015-03-18;2072.84;2106.85;2061.23;2099.50
2015-03-19;2098.69;2098.69;2085.56;2089.27
2015-03-20;2090.32;2113.92;2090.32;2108.10
2015-03-23;2107.99;2114.86;2104.42;2104.42
2015-03-24;2103.94;2107.63;2091.50;2091.50
2015-03-25;2093.10;2097.43;2061.05;2061.05
2015-03-26;2059.94;2067.15;2045.50;2056.15
2015-03-27;2055.78;2062.83;2052.96;2061.02
2015-03-30;2064.11;2088.97;2064.11;2086.24
2015-03-31;2084.05;2084.05;2067.04;2067.89
2015-04-01;2067.63;2067.63;2048.38;2059.69
2015-04-02;2060.03;2072.17;2057.32;2066.96
2015-04-06;2064.87;2086.99;2056.52;2080.62
2015-04-07;2080.79;2089.81;2076.10;2076.33
2015-04-08;2076.94;2086.69;2073.30;2081.90
2015-04-09;2081.29;2093.31;2074.29;2091.18
2015-04-10;2091.51;2102.61;2091.51;2102.06
2015-04-13;2102.03;2107.65;2092.33;2092.43
2015-04-14;2092.28;2098.62;2083.24;2095.84
2015-04-15;2097.82;2111.91;2097.82;2106.63
2015-04-16;2105.96;2111.30;2100.02;2104.99
2015-04-17;2102.58;2102.58;2072.37;2081.18
2015-04-20;2084.11;2103.94;2084.11;2100.40
2015-04-21;2102.82;2109.64;2094.38;2097.29
2015-04-22;2098.27;2109.98;2091.05;2107.96
2015-04-23;2107.21;2120.49;2103.19;2112.93
2015-04-24;2112.80;2120.92;2112.80;2117.69
2015-04-27;2119.29;2125.92;2107.04;2108.92
2015-04-28;2108.35;2116.09;2094.89;2114.76
2015-04-29;2112.49;2113.65;2097.41;2106.85
2015-04-30;2105.52;2105.52;2077.59;2085.51
2015-05-01;2087.38;2108.41;2087.38;2108.29
2015-05-04;2110.23;2120.95;2110.23;2114.49
2015-05-05;2112.63;2115.24;2088.46;2089.46
2015-05-06;2091.26;2098.42;2067.93;2080.15
2015-05-07;2079.96;2092.90;2074.99;2088.00
2015-05-08;2092.13;2117.66;2092.13;2116.10
2015-05-11;2115.56;2117.69;2104.58;2105.33
2015-05-12;2102.87;2105.06;2085.57;2099.12
2015-05-13;2099.62;2110.19;2096.04;2098.48
2015-05-14;2100.43;2121.45;2100.43;2121.10
2015-05-15;2122.07;2123.89;2116.79;2122.73
2015-05-18;2121.30;2131.78;2120.01;2129.20
2015-05-19;2129.45;2133.02;2124.50;2127.83
2015-05-20;2127.79;2134.72;2122.59;2125.85
2015-05-21;2125.55;2134.28;2122.95;2130.82
2015-05-22;2130.36;2132.15;2126.06;2126.06
2015-05-26;2125.34;2125.34;2099.18;2104.20
2015-05-27;2105.13;2126.22;2105.13;2123.48
2015-05-28;2122.27;2122.27;2112.86;2120.79
2015-05-29;2120.66;2120.66;2104.89;2107.39
2015-06-01;2108.64;2119.15;2102.54;2111.73
2015-06-02;2110.41;2117.59;2099.14;2109.60
2015-06-03;2110.64;2121.92;2109.61;2114.07
2015-06-04;2112.35;2112.89;2093.23;2095.84
2015-06-05;2095.09;2100.99;2085.67;2092.83
2015-06-08;2092.34;2093.01;2079.11;2079.28
2015-06-09;2079.07;2085.62;2072.14;2080.15
2015-06-10;2081.12;2108.50;2081.12;2105.20
2015-06-11;2106.24;2115.02;2106.24;2108.86
2015-06-12;2107.43;2107.43;2091.33;2094.11
2015-06-15;2091.34;2091.34;2072.49;2084.43
2015-06-16;2084.26;2097.40;2082.10;2096.29
2015-06-17;2097.40;2106.79;2088.86;2100.44
2015-06-18;2101.58;2126.65;2101.58;2121.24
2015-06-19;2121.06;2121.64;2109.45;2109.99
2015-06-22;2112.50;2129.87;2112.50;2122.85
2015-06-23;2123.16;2128.03;2119.89;2124.20
2015-06-24;2123.65;2125.10;2108.58;2108.58
2015-06-25;2109.96;2116.04;2101.78;2102.31
2015-06-26;2102.62;2108.92;2095.38;2101.49
2015-06-29;2098.63;2098.63;2056.64;2057.64
2015-06-30;2061.19;2074.28;2056.32;2063.11
2015-07-01;2067.00;2082.78;2067.00;2077.42
2015-07-02;2078.03;2085.06;2071.02;2076.78
2015-07-06;2073.95;2078.61;2058.40;2068.76
2015-07-07;2069.52;2083.74;2044.02;2081.34
2015-07-08;2077.66;2077.66;2044.66;2046.68
2015-07-09;2049.73;2074.28;2049.73;2051.31
2015-07-10;2052.74;2081.31;2052.74;2076.62
2015-07-13;2080.03;2100.67;2080.03;2099.60
2015-07-14;2099.72;2111.98;2098.18;2108.95
2015-07-15;2109.01;2114.14;2102.49;2107.40
2015-07-16;2110.55;2124.42;2110.55;2124.29
2015-07-17;2126.80;2128.91;2119.88;2126.64
2015-07-20;2126.85;2132.82;2123.65;2128.28
2015-07-21;2127.55;2128.49;2115.40;2119.21
2015-07-22;2118.21;2118.51;2110.00;2114.15
2015-07-23;2114.16;2116.87;2098.63;2102.15
2015-07-24;2102.24;2106.01;2077.09;2079.65
2015-07-27;2078.19;2078.19;2063.52;2067.64
2015-07-28;2070.75;2095.60;2069.09;2093.25
2015-07-29;2094.70;2110.60;2094.08;2108.57
2015-07-30;2106.78;2110.48;2094.97;2108.63
2015-07-31;2111.60;2114.24;2102.07;2103.84
2015-08-03;2104.49;2105.70;2087.31;2098.04
2015-08-04;2097.68;2102.51;2088.60;2093.32
2015-08-05;2095.27;2112.66;2095.27;2099.84
2015-08-06;2100.75;2103.32;2075.53;2083.56
2015-08-07;2082.61;2082.61;2067.91;2077.57
2015-08-10;2080.98;2105.35;2080.98;2104.18
2015-08-11;2102.66;2102.66;2076.49;2084.07
2015-08-12;2081.10;2089.06;2052.09;2086.05
2015-08-13;2086.19;2092.93;2078.26;2083.39
2015-08-14;2083.15;2092.45;2080.61;2091.54
2015-08-17;2089.70;2102.87;2079.30;2102.44
2015-08-18;2101.99;2103.47;2094.14;2096.92
2015-08-19;2095.69;2096.17;2070.53;2079.61
2015-08-20;2076.61;2076.61;2035.73;2035.73
2015-08-21;2034.08;2034.08;1970.89;1970.89
2015-08-24;1965.15;1965.15;1867.01;1893.21
2015-08-25;1898.08;1948.04;1867.08;1867.61
2015-08-26;1872.75;1943.09;1872.75;1940.51
2015-08-27;1942.77;1989.60;1942.77;1987.66
2015-08-28;1986.06;1993.48;1975.19;1988.87
2015-08-31;1986.73;1986.73;1965.98;1972.18
2015-09-01;1970.09;1970.09;1903.07;1913.85
2015-09-02;1916.52;1948.91;1916.52;1948.86
2015-09-03;1950.79;1975.01;1944.72;1951.13
2015-09-04;1947.76;1947.76;1911.21;1921.22
2015-09-08;1927.30;1970.42;1927.30;1969.41
2015-09-09;1971.45;1988.63;1937.88;1942.04
2015-09-10;1941.59;1965.29;1937.19;1952.29
2015-09-11;1951.45;1961.05;1939.19;1961.05
2015-09-14;1963.06;1963.06;1948.27;1953.03
2015-09-15;1955.10;1983.19;1954.30;1978.09
2015-09-16;1978.02;1997.26;1977.93;1995.31
2015-09-17;1995.33;2020.86;1986.73;1990.20
2015-09-18;1989.66;1989.66;1953.45;1958.03
2015-09-21;1960.84;1979.64;1955.80;1966.97
2015-09-22;1961.39;1961.39;1929.22;1942.74
2015-09-23;1943.24;1949.52;1932.57;1938.76
2015-09-24;1934.81;1937.17;1908.92;1932.24
2015-09-25;1935.93;1952.89;1921.50;1931.34
2015-09-28;1929.18;1929.18;1879.21;1881.77
2015-09-29;1881.90;1899.48;1871.91;1884.09
2015-09-30;1887.14;1920.53;1887.14;1920.03
2015-10-01;1919.65;1927.21;1900.70;1923.82
2015-10-02;1921.77;1951.36;1893.70;1951.36
2015-10-05;1954.33;1989.17;1954.33;1987.05
2015-10-06;1986.63;1991.62;1971.99;1979.92
2015-10-07;1982.34;1999.31;1976.44;1995.83
2015-10-08;1994.01;2016.50;1987.53;2013.43
2015-10-09;2013.73;2020.13;2007.61;2014.89
2015-10-12;2015.65;2018.66;2010.55;2017.46
2015-10-13;2015.00;2022.34;2001.78;2003.69
2015-10-14;2003.66;2009.56;1990.73;1994.24
2015-10-15;1996.47;2024.15;1996.47;2023.86
2015-10-16;2024.37;2033.54;2020.46;2033.11
2015-10-19;2031.73;2034.45;2022.31;2033.66
2015-10-20;2033.13;2039.12;2026.61;2030.77
2015-10-21;2033.47;2037.97;2017.22;2018.94
2015-10-22;2021.88;2055.20;2021.88;2052.51
2015-10-23;2058.19;2079.74;2058.19;2075.15
2015-10-26;2075.08;2075.14;2066.53;2071.18
2015-10-27;2068.75;2070.37;2058.84;2065.89
2015-10-28;2066.48;2090.35;2063.11;2090.35
2015-10-29;2088.35;2092.52;2082.63;2089.41
2015-10-30;2090.00;2094.32;2079.34;2079.36
2015-11-02;2080.76;2106.20;2080.76;2104.05
2015-11-03;2102.63;2116.48;2097.51;2109.79
2015-11-04;2110.60;2114.59;2096.98;2102.31
2015-11-05;2101.68;2108.78;2090.41;2099.93
2015-11-06;2098.60;2101.91;2083.74;2099.20
2015-11-09;2096.56;2096.56;2068.24;2078.58
2015-11-10;2077.19;2083.67;2069.91;2081.72
2015-11-11;2083.41;2086.94;2074.85;2075.00
2015-11-12;2072.29;2072.29;2045.66;2045.97
2015-11-13;2044.64;2044.64;2022.02;2023.04
2015-11-16;2022.08;2053.22;2019.39;2053.19
2015-11-17;2053.67;2066.69;2045.90;2050.44
2015-11-18;2051.99;2085.31;2051.99;2083.58
2015-11-19;2083.70;2086.74;2078.76;2081.24
2015-11-20;2082.82;2097.06;2082.82;2089.17
2015-11-23;2089.41;2095.61;2081.39;2086.59
2015-11-24;2084.42;2094.12;2070.29;2089.14
2015-11-25;2089.30;2093.00;2086.30;2088.87
2015-11-27;2088.82;2093.29;2084.13;2090.11
2015-11-30;2090.95;2093.81;2080.41;2080.41
2015-12-01;2082.93;2103.37;2082.93;2102.63
2015-12-02;2101.71;2104.27;2077.11;2079.51
2015-12-03;2080.71;2085.00;2042.35;2049.62
2015-12-04;2051.24;2093.84;2051.24;2091.69
2015-12-07;2090.42;2090.42;2066.78;2077.07
2015-12-08;2073.39;2073.85;2052.32;2063.59
2015-12-09;2061.17;2080.33;2036.53;2047.62
2015-12-10;2047.93;2067.65;2045.67;2052.23
2015-12-11;2047.27;2047.27;2008.80;2012.37
2015-12-14;2013.37;2022.92;1993.26;2021.94
2015-12-15;2025.55;2053.87;2025.55;2043.41
2015-12-16;2046.50;2076.72;2042.43;2073.07
2015-12-17;2073.76;2076.37;2041.66;2041.89
2015-12-18;2040.81;2040.81;2005.33;2005.55
2015-12-21;2010.27;2022.90;2005.93;2021.15
2015-12-22;2023.15;2042.74;2020.49;2038.97
2015-12-23;2042.20;2064.73;2042.20;2064.29
2015-12-24;2063.52;2067.36;2058.73;2060.99
2015-12-28;2057.77;2057.77;2044.20;2056.50
2015-12-29;2060.54;2081.56;2060.54;2078.36
2015-12-30;2077.34;2077.34;2061.97;2063.36
2015-12-31;2060.59;2062.54;2043.62;2043.94
2016-01-04;2038.20;2038.20;1989.68;2012.66
2016-01-05;2013.78;2021.94;2004.17;2016.71
2016-01-06;2011.71;2011.71;1979.05;1990.26
2016-01-07;1985.32;1985.32;1938.83;1943.09
2016-01-08;1945.97;1960.40;1918.46;1922.03
2016-01-11;1926.12;1935.65;1901.10;1923.67
2016-01-12;1927.83;1947.38;1914.35;1938.68
2016-01-13;1940.34;1950.33;1886.41;1890.28
2016-01-14;1891.68;1934.47;1878.93;1921.84
2016-01-15;1916.68;1916.68;1857.83;1880.33
2016-01-19;1888.66;1901.44;1864.60;1881.33
2016-01-20;1876.18;1876.18;1812.29;1859.33
2016-01-21;1861.46;1889.85;1848.98;1868.99
2016-01-22;1877.40;1908.85;1877.40;1906.90
2016-01-25;1906.28;1906.28;1875.97;1877.08
2016-01-26;1878.79;1906.73;1878.79;1903.63
2016-01-27;1902.52;1916.99;1872.70;1882.95
2016-01-28;1885.22;1902.96;1873.65;1893.36
2016-01-29;1894.00;1940.24;1894.00;1940.24
2016-02-01;1936.94;1947.20;1920.30;1939.38
2016-02-02;1935.26;1935.26;1897.29;1903.03
2016-02-03;1907.07;1918.01;1872.23;1912.53
2016-02-04;1911.67;1927.35;1900.52;1915.45
2016-02-05;1913.07;1913.07;1872.65;1880.05
2016-02-08;1873.25;1873.25;1828.46;1853.44
2016-02-09;1848.46;1868.25;1834.94;1852.21
2016-02-10;1857.10;1881.60;1850.32;1851.86
2016-02-11;1847.00;1847.00;1810.10;1829.08
2016-02-12;1833.40;1864.78;1833.40;1864.78
2016-02-16;1871.44;1895.77;1871.44;1895.58
2016-02-17;1898.80;1930.68;1898.80;1926.82
2016-02-18;1927.57;1930.00;1915.09;1917.83
2016-02-19;1916.74;1918.78;1902.17;1917.78
2016-02-22;1924.44;1946.70;1924.44;1945.50
2016-02-23;1942.38;1942.38;1919.44;1921.27
2016-02-24;1917.56;1932.08;1891.00;1929.80
2016-02-25;1931.87;1951.83;1925.41;1951.70
2016-02-26;1954.95;1962.96;1945.78;1948.05
2016-02-29;1947.13;1958.27;1931.81;1932.23
2016-03-01;1937.09;1978.35;1937.09;1978.35
2016-03-02;1976.60;1986.51;1968.80;1986.45
2016-03-03;1985.60;1993.69;1977.37;1993.40
2016-03-04;1994.01;2009.13;1986.77;1999.99
2016-03-07;1996.11;2006.12;1989.38;2001.76
2016-03-08;1996.88;1996.88;1977.43;1979.26
2016-03-09;1981.44;1992.69;1979.84;1989.26
2016-03-10;1990.97;2005.08;1969.25;1989.57
2016-03-11;1994.71;2022.37;1994.71;2022.19
2016-03-14;2019.27;2024.57;2012.05;2019.64
2016-03-15;2015.27;2015.94;2005.23;2015.93
2016-03-16;2014.24;2032.02;2010.04;2027.22
2016-03-17;2026.90;2046.24;2022.16;2040.59
2016-03-18;2041.16;2052.36;2041.16;2049.58
2016-03-21;2047.88;2053.91;2043.14;2051.60
2016-03-22;2048.64;2056.60;2040.57;2049.80
2016-03-23;2048.55;2048.55;2034.86;2036.71
2016-03-24;2032.48;2036.04;2022.49;2035.94
2016-03-28;2037.89;2042.67;2031.96;2037.05
2016-03-29;2035.75;2055.91;2028.31;2055.01
2016-03-30;2058.27;2072.21;2058.27;2063.95
2016-03-31;2063.77;2067.92;2057.46;2059.74
2016-04-01;2056.62;2075.07;2043.98;2072.78
2016-04-04;2073.19;2074.02;2062.57;2066.13
2016-04-05;2062.50;2062.50;2042.56;2045.17
2016-04-06;2045.56;2067.33;2043.09;2066.66
2016-04-07;2063.01;2063.01;2033.80;2041.91
2016-04-08;2045.54;2060.63;2041.69;2047.60
2016-04-11;2050.23;2062.93;2041.88;2041.99
2016-04-12;2043.72;2065.05;2039.74;2061.72
2016-04-13;2065.92;2083.18;2065.92;2082.42
2016-04-14;2082.89;2087.84;2078.13;2082.78
2016-04-15;2083.10;2083.22;2076.31;2080.73
2016-04-18;2078.83;2094.66;2073.65;2094.34
2016-04-19;2096.05;2104.05;2091.68;2100.80
2016-04-20;2101.52;2111.05;2096.32;2102.40
2016-04-21;2102.09;2103.78;2088.52;2091.48
2016-04-22;2091.49;2094.32;2081.20;2091.58
2016-04-25;2089.37;2089.37;2077.52;2087.79
2016-04-26;2089.84;2096.87;2085.80;2091.70
2016-04-27;2092.33;2099.89;2082.31;2095.15
2016-04-28;2090.93;2099.30;2071.62;2075.81
2016-04-29;2071.82;2073.85;2052.28;2065.30
2016-05-02;2067.17;2083.42;2066.11;2081.43
2016-05-03;2077.18;2077.18;2054.89;2063.37
2016-05-04;2060.30;2060.30;2045.55;2051.12
2016-05-05;2052.95;2060.23;2045.77;2050.63
2016-05-06;2047.77;2057.72;2039.45;2057.14
2016-05-09;2057.55;2064.15;2054.31;2058.69
2016-05-10;2062.63;2084.87;2062.63;2084.39
2016-05-11;2083.29;2083.29;2064.46;2064.46
2016-05-12;2067.17;2073.99;2053.13;2064.11
2016-05-13;2062.50;2066.79;2043.13;2046.61
2016-05-16;2046.53;2071.88;2046.53;2066.66
2016-05-17;2065.04;2065.69;2040.82;2047.21
2016-05-18;2044.38;2060.61;2034.49;2047.63
2016-05-19;2044.21;2044.21;2025.91;2040.04
2016-05-20;2041.88;2058.35;2041.88;2052.32
2016-05-23;2052.23;2055.58;2047.26;2048.04
2016-05-24;2052.65;2079.67;2052.65;2076.06
2016-05-25;2078.93;2094.73;2078.93;2090.54
2016-05-26;2091.44;2094.30;2087.08;2090.10
2016-05-27;2090.06;2099.06;2090.06;2099.06
2016-05-31;2100.13;2103.48;2088.66;2096.96
2016-06-01;2093.94;2100.97;2085.10;2099.33
2016-06-02;2097.71;2105.26;2088.59;2105.26
2016-06-03;2104.07;2104.07;2085.36;2099.13
2016-06-06;2100.83;2113.36;2100.83;2109.41
2016-06-07;2110.18;2119.22;2110.18;2112.13
2016-06-08;2112.71;2120.55;2112.71;2119.12
2016-06-09;2115.65;2117.64;2107.73;2115.48
2016-06-10;2109.57;2109.57;2089.96;2096.07
2016-06-13;2091.75;2098.12;2078.46;2079.06
2016-06-14;2076.65;2081.30;2064.10;2075.32
2016-06-15;2077.60;2085.65;2069.80;2071.50
2016-06-16;2066.36;2079.62;2050.37;2077.99
2016-06-17;2078.20;2078.20;2062.84;2071.22
2016-06-20;2075.58;2100.66;2075.58;2083.25
2016-06-21;2085.19;2093.66;2083.02;2088.90
2016-06-22;2089.75;2099.71;2084.36;2085.45
2016-06-23;2092.80;2113.32;2092.80;2113.32
2016-06-24;2103.81;2103.81;2032.57;2037.41
2016-06-27;2031.45;2031.45;1991.68;2000.54
2016-06-28;2006.67;2036.09;2006.67;2036.09
2016-06-29;2042.69;2073.13;2042.69;2070.77
2016-06-30;2073.17;2098.94;2070.00;2098.86
2016-07-01;2099.34;2108.71;2097.90;2102.95
2016-07-05;2095.05;2095.05;2080.86;2088.55
2016-07-06;2084.43;2100.72;2074.02;2099.73
2016-07-07;2100.42;2109.08;2089.39;2097.90
2016-07-08;2106.97;2131.71;2106.97;2129.90
2016-07-11;2131.72;2143.16;2131.72;2137.16
2016-07-12;2139.50;2155.40;2139.50;2152.14
2016-07-13;2153.81;2156.45;2146.21;2152.43
2016-07-14;2157.88;2168.99;2157.88;2163.75
2016-07-15;2165.13;2169.05;2155.79;2161.74
2016-07-18;2162.04;2168.35;2159.63;2166.89
2016-07-19;2163.79;2164.63;2159.01;2163.78
2016-07-20;2166.10;2175.63;2164.89;2173.02
2016-07-21;2172.91;2174.56;2159.75;2165.17
2016-07-22;2166.47;2175.11;2163.24;2175.03
2016-07-25;2173.71;2173.71;2161.95;2168.48
2016-07-26;2168.97;2173.54;2160.18;2169.18
2016-07-27;2169.81;2174.98;2159.07;2166.58
2016-07-28;2166.05;2172.85;2159.74;2170.06
2016-07-29;2168.83;2177.09;2163.49;2173.60
2016-08-01;2173.15;2178.29;2166.21;2170.84
2016-08-02;2169.94;2170.20;2147.58;2157.03
2016-08-03;2156.81;2163.79;2152.56;2163.79
2016-08-04;2163.51;2168.19;2159.07;2164.25
2016-08-05;2168.79;2182.87;2168.79;2182.87
2016-08-08;2183.76;2185.44;2177.85;2180.89
2016-08-09;2182.24;2187.66;2178.61;2181.74
2016-08-10;2182.81;2183.41;2172.00;2175.49
2016-08-11;2177.97;2188.45;2177.97;2185.79
2016-08-12;2183.74;2186.28;2179.42;2184.05
2016-08-15;2186.08;2193.81;2186.08;2190.15
2016-08-16;2186.24;2186.24;2178.14;2178.15
2016-08-17;2177.84;2183.08;2168.50;2182.22
2016-08-18;2181.90;2187.03;2180.46;2187.02
2016-08-19;2184.24;2185.00;2175.13;2183.87
2016-08-22;2181.58;2185.15;2175.96;2182.64
2016-08-23;2187.81;2193.42;2186.80;2186.90
2016-08-24;2185.09;2186.66;2171.25;2175.44
2016-08-25;2173.29;2179.00;2169.74;2172.47
2016-08-26;2175.10;2187.94;2160.39;2169.04
2016-08-29;2170.19;2183.48;2170.19;2180.38
2016-08-30;2179.45;2182.27;2170.41;2176.12
2016-08-31;2173.56;2173.79;2161.35;2170.95
2016-09-01;2171.33;2173.56;2157.09;2170.86
2016-09-02;2177.49;2184.87;2173.59;2179.98
2016-09-06;2181.61;2186.57;2175.10;2186.48
2016-09-07;2185.17;2187.87;2179.07;2186.16
2016-09-08;2182.76;2184.94;2177.49;2181.30
2016-09-09;2169.08;2169.08;2127.81;2127.81
2016-09-12;2120.86;2163.30;2119.12;2159.04
2016-09-13;2150.47;2150.47;2120.27;2127.02
2016-09-14;2127.86;2141.33;2119.90;2125.77
2016-09-15;2125.36;2151.31;2122.36;2147.26
2016-09-16;2146.48;2146.48;2131.20;2139.16
2016-09-19;2143.99;2153.61;2135.91;2139.12
2016-09-20;2145.94;2150.80;2139.17;2139.76
2016-09-21;2144.58;2165.11;2139.57;2163.12
2016-09-22;2170.94;2179.99;2170.94;2177.18
2016-09-23;2173.29;2173.75;2163.97;2164.69
2016-09-26;2158.54;2158.54;2145.04;2146.10
2016-09-27;2146.04;2161.13;2141.55;2159.93
2016-09-28;2161.85;2172.40;2151.79;2171.37
2016-09-29;2168.90;2172.67;2145.20;2151.13
2016-09-30;2156.51;2175.30;2156.51;2168.27
2016-10-03;2164.33;2164.41;2154.77;2161.20
2016-10-04;2163.37;2165.46;2144.01;2150.49
2016-10-05;2155.15;2163.95;2155.15;2159.73
2016-10-06;2158.22;2162.93;2150.28;2160.77
2016-10-07;2164.19;2165.86;2144.85;2153.74
2016-10-10;2160.39;2169.60;2160.39;2163.66
2016-10-11;2161.35;2161.56;2128.84;2136.73
2016-10-12;2137.67;2145.36;2132.77;2139.18
2016-10-13;2130.26;2138.19;2114.72;2132.55
2016-10-14;2139.68;2149.19;2132.98;2132.98
2016-10-17;2132.95;2135.61;2124.43;2126.50
2016-10-18;2138.31;2144.38;2135.49;2139.60
2016-10-19;2140.81;2148.44;2138.15;2144.29
2016-10-20;2142.51;2147.18;2133.44;2141.34
2016-10-21;2139.43;2142.63;2130.09;2141.16
2016-10-24;2148.50;2154.79;2146.91;2151.33
2016-10-25;2149.72;2151.44;2141.93;2143.16
2016-10-26;2136.97;2145.73;2131.59;2139.43
2016-10-27;2144.06;2147.13;2132.52;2133.04
2016-10-28;2132.23;2140.72;2119.36;2126.41
2016-10-31;2129.78;2133.25;2125.53;2126.15
2016-11-01;2128.68;2131.45;2097.85;2111.72
2016-11-02;2109.43;2111.76;2094.00;2097.94
2016-11-03;2098.80;2102.56;2085.23;2088.66
2016-11-04;2083.79;2099.07;2083.79;2085.18
2016-11-07;2100.59;2132.00;2100.59;2131.52
2016-11-08;2129.92;2146.87;2123.56;2139.56
2016-11-09;2131.56;2170.10;2125.35;2163.26
2016-11-10;2167.49;2182.30;2151.17;2167.48
2016-11-11;2162.71;2165.92;2152.49;2164.45
2016-11-14;2165.64;2171.36;2156.08;2164.20
2016-11-15;2168.29;2180.84;2166.38;2180.39
2016-11-16;2177.53;2179.22;2172.20;2176.94
2016-11-17;2178.61;2188.06;2176.65;2187.12
2016-11-18;2186.85;2189.89;2180.38;2181.90
2016-11-21;2186.43;2198.70;2186.43;2198.18
2016-11-22;2201.56;2204.80;2194.51;2202.94
2016-11-23;2198.55;2204.72;2194.51;2204.72
2016-11-25;2206.27;2213.35;2206.27;2213.35
2016-11-28;2210.21;2211.14;2200.36;2201.72
2016-11-29;2200.76;2210.46;2198.15;2204.66
2016-11-30;2204.97;2214.10;2198.81;2198.81
2016-12-01;2200.17;2202.60;2187.44;2191.08
2016-12-02;2191.12;2197.95;2188.37;2191.95
2016-12-05;2200.65;2209.42;2199.97;2204.71
2016-12-06;2207.26;2212.78;2202.21;2212.23
2016-12-07;2210.72;2241.63;2208.93;2241.35
2016-12-08;2241.13;2251.69;2237.57;2246.19
2016-12-09;2249.73;2259.80;2249.23;2259.53
2016-12-12;2258.83;2264.03;2252.37;2256.96
2016-12-13;2263.32;2277.53;2263.32;2271.72
2016-12-14;2268.35;2276.20;2248.44;2253.28
2016-12-15;2253.77;2272.12;2253.77;2262.03
2016-12-16;2266.81;2268.05;2254.24;2258.07
2016-12-19;2259.24;2267.47;2258.21;2262.53
2016-12-20;2266.50;2272.56;2266.14;2270.76
2016-12-21;2270.54;2271.23;2265.15;2265.18
2016-12-22;2262.93;2263.18;2256.08;2260.96
2016-12-23;2260.25;2263.79;2258.84;2263.79
2016-12-27;2266.23;2273.82;2266.15;2268.88
2016-12-28;2270.23;2271.31;2249.11;2249.92
2016-12-29;2249.50;2254.51;2244.56;2249.26
2016-12-30;2251.61;2253.58;2233.62;2238.83
2017-01-03;2251.57;2263.88;2245.13;2257.83
2017-01-04;2261.60;2272.82;2261.60;2270.75
2017-01-05;2268.18;2271.50;2260.45;2269.00
2017-01-06;2271.14;2282.10;2264.06;2276.98
2017-01-09;2273.59;2275.49;2268.90;2268.90
2017-01-10;2269.72;2279.27;2265.27;2268.90
2017-01-11;2268.60;2275.32;2260.83;2275.32
2017-01-12;2271.14;2271.78;2254.25;2270.44
2017-01-13;2272.74;2278.68;2271.51;2274.64
2017-01-17;2269.14;2272.08;2262.81;2267.89
2017-01-18;2269.14;2272.01;2263.35;2271.89
2017-01-19;2271.90;2274.33;2258.41;2263.69
2017-01-20;2269.96;2276.96;2265.01;2271.31
2017-01-23;2267.78;2271.78;2257.02;2265.20
2017-01-24;2267.88;2284.63;2266.68;2280.07
2017-01-25;2288.88;2299.55;2288.88;2298.37
2017-01-26;2298.63;2300.99;2294.08;2296.68
2017-01-27;2299.02;2299.02;2291.62;2294.69
2017-01-30;2286.01;2286.01;2268.04;2280.90
2017-01-31;2274.02;2279.09;2267.21;2278.87
2017-02-01;2285.59;2289.14;2272.44;2279.55
2017-02-02;2276.69;2283.97;2271.65;2280.85
2017-02-03;2288.54;2298.31;2287.88;2297.42
2017-02-06;2294.28;2296.18;2288.57;2292.56
2017-02-07;2295.87;2299.40;2290.16;2293.08
2017-02-08;2289.55;2295.91;2285.38;2294.67
2017-02-09;2296.70;2311.08;2296.61;2307.87
2017-02-10;2312.27;2319.23;2311.10;2316.10
2017-02-13;2321.72;2331.58;2321.42;2328.25
2017-02-14;2326.12;2337.58;2322.17;2337.58
2017-02-15;2335.58;2351.30;2334.81;2349.25
2017-02-16;2349.64;2351.31;2338.87;2347.22
2017-02-17;2343.01;2351.16;2339.58;2351.16
2017-02-21;2354.91;2366.71;2354.91;2365.38
2017-02-22;2361.11;2365.13;2358.34;2362.82
2017-02-23;2367.50;2368.26;2355.09;2363.81
2017-02-24;2355.73;2367.34;2352.87;2367.34
2017-02-27;2365.23;2371.54;2361.87;2369.75
2017-02-28;2366.08;2367.79;2358.96;2363.64
2017-03-01;2380.13;2400.98;2380.13;2395.96
2017-03-02;2394.75;2394.75;2380.17;2381.92
2017-03-03;2380.92;2383.89;2375.39;2383.12
2017-03-06;2375.23;2378.80;2367.98;2375.31
2017-03-07;2370.74;2375.12;2365.51;2368.39
2017-03-08;2369.81;2373.09;2361.01;2362.98
2017-03-09;2363.49;2369.08;2354.54;2364.87
2017-03-10;2372.52;2376.86;2363.04;2372.60
2017-03-13;2371.56;2374.42;2368.52;2373.47
2017-03-14;2368.55;2368.55;2358.18;2365.45
2017-03-15;2370.34;2390.01;2368.94;2385.26
2017-03-16;2387.71;2388.10;2377.18;2381.38
2017-03-17;2383.71;2385.71;2377.64;2378.25
2017-03-20;2378.24;2379.55;2369.66;2373.47
2017-03-21;2379.32;2381.93;2341.90;2344.02
2017-03-22;2343.00;2351.81;2336.45;2348.45
2017-03-23;2345.97;2358.92;2342.13;2345.96
2017-03-24;2350.42;2356.22;2335.74;2343.98
2017-03-27;2329.11;2344.90;2322.25;2341.59
2017-03-28;2339.79;2363.78;2337.63;2358.57
2017-03-29;2356.54;2363.36;2352.94;2361.13
2017-03-30;2361.31;2370.42;2358.58;2368.06
2017-03-31;2364.82;2370.35;2362.60;2362.72
2017-04-03;2362.34;2365.87;2344.73;2358.84
2017-04-04;2354.76;2360.53;2350.72;2360.16
2017-04-05;2366.59;2378.36;2350.52;2352.95
2017-04-06;2353.79;2364.16;2348.90;2357.49
2017-04-07;2356.59;2363.76;2350.74;2355.54
2017-04-10;2357.16;2366.37;2351.50;2357.16
2017-04-11;2353.92;2355.22;2337.25;2353.78
2017-04-12;2352.15;2352.72;2341.18;2344.93
2017-04-13;2341.98;2348.26;2328.95;2328.95
2017-04-17;2332.62;2349.14;2332.51;2349.01
2017-04-18;2342.53;2348.35;2334.54;2342.19
2017-04-19;2346.79;2352.63;2335.05;2338.17
2017-04-20;2342.69;2361.37;2340.91;2355.84
2017-04-21;2354.74;2356.18;2344.51;2348.69
2017-04-24;2370.33;2376.98;2369.19;2374.15
2017-04-25;2381.51;2392.48;2381.15;2388.61
2017-04-26;2388.98;2398.16;2386.76;2387.45
2017-04-27;2389.70;2392.10;2382.68;2388.77
2017-04-28;2393.68;2393.68;2382.36;2384.20
2017-05-01;2388.50;2394.49;2384.83;2388.33
2017-05-02;2391.05;2392.93;2385.82;2391.17
2017-05-03;2386.50;2389.82;2379.75;2388.13
2017-05-04;2389.79;2391.43;2380.35;2389.52
2017-05-05;2392.37;2399.29;2389.38;2399.29
2017-05-08;2399.94;2401.36;2393.92;2399.38
2017-05-09;2401.58;2403.87;2392.44;2396.92
2017-05-10;2396.79;2399.74;2392.79;2399.63
2017-05-11;2394.84;2395.72;2381.74;2394.44
2017-05-12;2392.44;2392.44;2387.19;2390.90
2017-05-15;2393.98;2404.05;2393.94;2402.32
2017-05-16;2404.55;2405.77;2396.05;2400.67
2017-05-17;2382.95;2384.87;2356.21;2357.03
2017-05-18;2354.69;2375.74;2352.72;2365.72
2017-05-19;2371.37;2389.06;2370.43;2381.73
2017-05-22;2387.21;2395.46;2386.92;2394.02
2017-05-23;2397.04;2400.85;2393.88;2398.42
2017-05-24;2401.41;2405.58;2397.99;2404.39
2017-05-25;2409.54;2418.71;2408.01;2415.07
2017-05-26;2414.50;2416.68;2412.20;2415.82
2017-05-30;2411.67;2415.26;2409.43;2412.91
2017-05-31;2415.63;2415.99;2403.59;2411.80
2017-06-01;2415.65;2430.06;2413.54;2430.06
2017-06-02;2431.28;2440.23;2427.71;2439.07
2017-06-05;2437.83;2439.55;2434.32;2436.10
2017-06-06;2431.92;2436.21;2428.12;2429.33
2017-06-07;2432.03;2435.28;2424.75;2433.14
2017-06-08;2434.27;2439.27;2427.94;2433.79
2017-06-09;2436.39;2446.20;2415.70;2431.77
2017-06-12;2425.88;2430.38;2419.97;2429.39
2017-06-13;2434.15;2441.49;2431.28;2440.35
2017-06-14;2443.75;2443.75;2428.34;2437.92
2017-06-15;2424.14;2433.95;2418.53;2432.46
2017-06-16;2431.24;2433.15;2422.88;2433.15
2017-06-19;2442.55;2453.82;2441.79;2453.46
2017-06-20;2450.66;2450.66;2436.60;2437.03
2017-06-21;2439.31;2442.23;2430.74;2435.61
2017-06-22;2437.40;2441.62;2433.27;2434.50
2017-06-23;2434.65;2441.40;2431.11;2438.30
2017-06-26;2443.32;2450.42;2437.03;2439.07
2017-06-27;2436.34;2440.15;2419.38;2419.38
2017-06-28;2428.70;2442.97;2428.02;2440.69
2017-06-29;2442.38;2442.73;2405.70;2419.70
2017-06-30;2429.20;2432.71;2421.65;2423.41
2017-07-03;2431.39;2439.17;2428.69;2429.01
2017-07-05;2430.78;2434.90;2422.05;2432.54
2017-07-06;2423.44;2424.28;2407.70;2409.75
2017-07-07;2413.52;2426.92;2413.52;2425.18
2017-07-10;2424.51;2432.00;2422.27;2427.43
2017-07-11;2427.35;2429.30;2412.79;2425.53
2017-07-12;2435.75;2445.76;2435.75;2443.25
2017-07-13;2444.99;2449.32;2441.69;2447.83
2017-07-14;2449.16;2463.54;2446.69;2459.27
2017-07-17;2459.50;2462.82;2457.16;2459.14
2017-07-18;2455.88;2460.92;2450.34;2460.61
2017-07-19;2463.85;2473.83;2463.85;2473.83
2017-07-20;2475.56;2477.62;2468.43;2473.45
2017-07-21;2467.40;2472.54;2465.06;2472.54
2017-07-24;2472.04;2473.10;2466.32;2469.91
2017-07-25;2477.88;2481.24;2474.91;2477.13
2017-07-26;2479.97;2481.69;2474.94;2477.83
2017-07-27;2482.76;2484.04;2459.93;2475.42
2017-07-28;2469.12;2473.53;2464.66;2472.10
2017-07-31;2475.94;2477.96;2468.53;2470.30
2017-08-01;2477.10;2478.51;2471.14;2476.35
2017-08-02;2480.38;2480.38;2466.48;2477.57
2017-08-03;2476.03;2476.03;2468.85;2472.16
2017-08-04;2476.88;2480.00;2472.08;2476.83
2017-08-07;2477.14;2480.95;2475.88;2480.91
2017-08-08;2478.35;2490.87;2470.32;2474.92
2017-08-09;2465.35;2474.41;2462.08;2474.02
2017-08-10;2465.38;2465.38;2437.75;2438.21
2017-08-11;2441.04;2448.09;2437.85;2441.32
2017-08-14;2454.96;2468.22;2454.96;2465.84
2017-08-15;2468.66;2468.90;2461.61;2464.61
2017-08-16;2468.63;2474.93;2463.86;2468.11
2017-08-17;2462.95;2465.02;2430.01;2430.01
2017-08-18;2427.64;2440.27;2420.69;2425.55
2017-08-21;2425.50;2430.58;2417.35;2428.37
2017-08-22;2433.75;2454.77;2433.67;2452.51
2017-08-23;2444.88;2448.91;2441.42;2444.04
2017-08-24;2447.91;2450.39;2436.19;2438.97
2017-08-25;2444.72;2453.96;2442.22;2443.05
2017-08-28;2447.35;2449.12;2439.03;2444.24
2017-08-29;2431.94;2449.19;2428.20;2446.30
2017-08-30;2446.06;2460.31;2443.77;2457.59
2017-08-31;2462.65;2475.01;2462.65;2471.65
2017-09-01;2474.42;2480.38;2473.85;2476.55
2017-09-05;2470.35;2471.97;2446.55;2457.85
2017-09-06;2463.83;2469.64;2459.20;2465.54
2017-09-07;2468.06;2468.62;2460.29;2465.10
2017-09-08;2462.25;2467.11;2459.40;2461.43
2017-09-11;2474.52;2488.95;2474.52;2488.11
2017-09-12;2491.94;2496.77;2490.37;2496.48
2017-09-13;2493.89;2498.37;2492.14;2498.37
2017-09-14;2494.56;2498.43;2491.35;2495.62
2017-09-15;2495.67;2500.23;2493.16;2500.23
2017-09-18;2502.51;2508.32;2499.92;2503.87
2017-09-19;2506.29;2507.84;2503.19;2506.65
2017-09-20;2506.84;2508.85;2496.67;2508.24
2017-09-21;2507.16;2507.16;2499.00;2500.60
2017-09-22;2497.26;2503.47;2496.54;2502.22
2017-09-25;2499.39;2502.54;2488.03;2496.66
2017-09-26;2501.04;2503.51;2495.12;2496.84
2017-09-27;2503.30;2511.75;2495.91;2507.04
2017-09-28;2503.41;2510.81;2502.93;2510.06
2017-09-29;2509.96;2519.44;2507.99;2519.36
2017-10-02;2521.20;2529.23;2520.40;2529.12
2017-10-03;2530.34;2535.13;2528.85;2534.58
2017-10-04;2533.48;2540.53;2531.80;2537.74
2017-10-05;2540.86;2552.51;2540.02;2552.07
2017-10-06;2547.44;2549.41;2543.79;2549.33
2017-10-09;2551.39;2551.82;2541.60;2544.73
2017-10-10;2549.99;2555.23;2544.86;2550.64
2017-10-11;2550.62;2555.24;2547.95;2555.24
2017-10-12;2552.88;2555.33;2548.31;2550.93
2017-10-13;2555.66;2557.65;2552.09;2553.17
2017-10-16;2555.57;2559.47;2552.64;2557.64
2017-10-17;2557.17;2559.71;2554.69;2559.36
2017-10-18;2562.87;2564.11;2559.67;2561.26
2017-10-19;2553.39;2562.36;2547.92;2562.10
2017-10-20;2567.56;2575.44;2567.56;2575.21
2017-10-23;2578.08;2578.29;2564.33;2564.98
2017-10-24;2568.66;2572.18;2565.58;2569.13
2017-10-25;2566.52;2567.40;2544.00;2557.15
2017-10-26;2560.08;2567.07;2559.80;2560.40
2017-10-27;2570.26;2582.98;2565.94;2581.07
2017-10-30;2577.75;2580.03;2568.25;2572.83
2017-10-31;2575.99;2578.29;2572.15;2575.26
2017-11-01;2583.21;2588.40;2574.92;2579.36
2017-11-02;2579.46;2581.11;2566.17;2579.85
2017-11-03;2581.93;2588.42;2576.77;2587.84
2017-11-06;2587.47;2593.38;2585.66;2591.13
2017-11-07;2592.11;2597.02;2584.35;2590.64
2017-11-08;2588.71;2595.47;2585.02;2594.38
2017-11-09;2584.00;2586.50;2566.33;2584.62
2017-11-10;2580.18;2583.81;2575.57;2582.30
